id,season,effective_date,date_original,date_precision,time,status,played,competition,competition_code,competition_original,round,phase,home_team,away_team,opponent,goias_is_home,neutral_site,home_score,away_score,goias_score,opponent_score,score_display,outcome,venue_name,venue_city,venue_state,venue_country,officiality,passport_eligible,confidence,source_confidence,score_confidence,date_confidence,venue_confidence,source_provider,source_match_id,historical_source_no,source_url,source_secondary,conflict_note,classification_note,notes,dataset_origin
hist-f80-0006,1943,1943-09-12,12/set/1943,DAY,UNKNOWN,SCHEDULED_UNCONFIRMED,False,Campeonato Goiano,GOIANO,Citadino de Goiânia,,,,,Goiânia-GO,,True,,,,,UNKNOWN,,UNKNOWN,UNKNOWN,GO,Brasil,ADMIN_EVENT,False,MEDIUM,MEDIUM,LOW,HIGH,LOW,Futebol80,6,6,https://www.futebol80.com.br/links/times/goias/goiasjg.htm,,,"Partida anunciada, mas sem confirmação segura de realização; temporada interrompida e não homologada.",Não há confirmação segura de que a partida tenha sido disputada; campeonato foi interrompido.,historical_futebol80
hist-f80-0065,1948,1948-04-25,25/abr/1948,DAY,UNKNOWN,WO_NOT_PLAYED,False,Torneio Início do Campeonato Goiano,TORNEIO_INICIO_GOIANO,Torneio Início-Goiano,,,Goiás,União Operária,União Operária,True,False,,,,,UNKNOWN,,UNKNOWN,UNKNOWN,GO,Brasil,ADMIN_EVENT,False,HIGH,HIGH,LOW,HIGH,LOW,Futebol80,65,65,https://www.futebol80.com.br/links/times/goias/goiasjg.htm,,,,União Operária não compareceu; W.O. sem partida disputada.,historical_futebol80
hist-f80-0193,1953,1953-11-08,08/nov/1953,DAY,UNKNOWN,WO_NOT_PLAYED,False,Campeonato Goiano,GOIANO,Goiano,,,Goiás,Anapolina-GO,Anapolina-GO,True,False,,,,,UNKNOWN,,UNKNOWN,UNKNOWN,GO,Brasil,ADMIN_EVENT,False,HIGH,HIGH,LOW,HIGH,LOW,Futebol80,193,193,https://www.futebol80.com.br/links/times/goias/goiasjg.htm,,,,Anapolina não compareceu; W.O. sem partida disputada.,historical_futebol80
hist-f80-0239,1955,1955-09-04,04/set/1955,DAY,UNKNOWN,PLAYED,True,Torneio-GO,TORNEIO_GO,Torneio-GO,,,Goiás,São Francisco-GO,São Francisco-GO,True,False,1,2,1,2,1 x 2,L,UNKNOWN,UNKNOWN,GO,Brasil,UNKNOWN_TOURNAMENT,False,LOW,HIGH,HIGH,HIGH,LOW,Futebol80,239,239,https://www.futebol80.com.br/links/times/goias/goiasjg.htm,,,A fonte registra apenas “Torneio-GO”; não foi localizada identificação suficiente para comprovar natureza oficial. Preservado como exceção documental e excluído do principal.,,historical_futebol80
admin-annulled-1963-11-17-goias-ferroviario,1963,1963-11-17,1963-11-17,DAY,UNKNOWN,ANNULLED,True,Campeonato Goiano,GOIANO,Campeonato Goiano,,,,,Ferroviário-GO,,,,,1,2,1 x 2,L,UNKNOWN,UNKNOWN,GO,Brasil,ADMIN_EVENT,False,MEDIUM,MEDIUM,MEDIUM,HIGH,LOW,Futebol80 replacement note,,,https://www.futebol80.com.br/links/times/goias/goiasjg.htm,,,Evento original anulado; preservado apenas no master/auditoria e não contado no Passaporte principal.,Partida original de 17/11/1963 anulada; substituída pelo jogo de 26/02/1964. Placar original 1 x 2 conforme nota da fonte.,historical_admin_reconstructed
hist-f80-0579,1966,1966-09-18,18/set/1966,DAY,UNKNOWN,WO_NOT_PLAYED,False,Campeonato Goiano,GOIANO,Goiano,,,Ipiranga de Anápolis-GO,Goiás,Ipiranga de Anápolis-GO,False,False,,,,,UNKNOWN,,UNKNOWN,UNKNOWN,GO,Brasil,ADMIN_EVENT,False,HIGH,HIGH,LOW,HIGH,LOW,Futebol80,579,579,https://www.futebol80.com.br/links/times/goias/goiasjg.htm,,,,Ipiranga de Anápolis não compareceu; W.O. sem partida disputada.,historical_futebol80
admin-annulled-1976-12-13-goias-itumbiara,1976,1976-12-13,1976-12-13,DAY,UNKNOWN,ANNULLED,True,Torneio Centro-Oeste,TORNEIO_CENTRO_OESTE,Torneio Centro-Oeste,,,,,Itumbiara-GO,,,,,4,3,4 x 3,W,UNKNOWN,UNKNOWN,GO,Brasil,ADMIN_EVENT,False,MEDIUM,MEDIUM,MEDIUM,HIGH,LOW,Futebol80 replacement note,,,https://www.futebol80.com.br/links/times/goias/goiasjg.htm,,,Evento original anulado; preservado apenas no master/auditoria e não contado no Passaporte principal.,Partida original de 13/12/1976 anulada; substituída pelo jogo de 17/12/1976. Placar original 4 x 3 conforme nota da fonte.,historical_admin_reconstructed
hist-f80-1249,1978,1978-12-14,14/dez/1978,DAY,UNKNOWN,PLAYED,True,Torneio Renê Pompeu de Pina-GO,TORNEIO_REN_POMPEU_DE_PINA_GO,Torneio Renê Pompeu de Pina-GO,,,,,Goiânia-GO,,True,,,2,1,2 x 1,W,UNKNOWN,UNKNOWN,GO,Brasil,FRIENDLY_TOURNAMENT,False,HIGH,HIGH,HIGH,HIGH,LOW,Futebol80,1249,1249,https://www.futebol80.com.br/links/times/goias/goiasjg.htm,,,Torneio preservado no universo complementar/amistoso; não entra no Passaporte competitivo principal.,,historical_futebol80
hist-f80-1250,1978,1978-12-17,17/dez/1978,DAY,UNKNOWN,PLAYED,True,Torneio Renê Pompeu de Pina-GO,TORNEIO_REN_POMPEU_DE_PINA_GO,Torneio Renê Pompeu de Pina-GO,,,,,Atlético-GO,,True,,,1,2,1 x 2,L,UNKNOWN,UNKNOWN,GO,Brasil,FRIENDLY_TOURNAMENT,False,HIGH,HIGH,HIGH,HIGH,LOW,Futebol80,1250,1250,https://www.futebol80.com.br/links/times/goias/goiasjg.htm,,,Torneio preservado no universo complementar/amistoso; não entra no Passaporte competitivo principal.,,historical_futebol80
hist-f80-1309,1979,1979-12-04,04/dez/1979,DAY,UNKNOWN,WO_NOT_PLAYED,False,Campeonato Brasileiro,BRASILEIRO,Brasileiro-Copa Brasil,,,Goiás,Atlético-MG,Atlético-MG,True,False,,,,,UNKNOWN,,UNKNOWN,UNKNOWN,GO,Brasil,ADMIN_EVENT,False,HIGH,HIGH,HIGH,HIGH,LOW,Futebol80,1309,1309,https://www.futebol80.com.br/links/times/goias/goiasjg.htm,,,,W.O. administrativo; sem partida jogada,historical_futebol80
hist-f80-1312,1980,1980-01-27,27/jan/1980,DAY,UNKNOWN,PLAYED,True,Torneio Adjair Lima-GO,TORNEIO_ADJAIR_LIMA_GO,Torneio Adjair Lima-GO,,,,,Vila Nova-GO,,True,,,1,1,1 x 1,D,UNKNOWN,UNKNOWN,GO,Brasil,FRIENDLY_TOURNAMENT,False,HIGH,HIGH,HIGH,HIGH,LOW,Futebol80,1312,1312,https://www.futebol80.com.br/links/times/goias/goiasjg.htm,,,Torneio preservado no universo complementar/amistoso; não entra no Passaporte competitivo principal.,,historical_futebol80
hist-f80-1313,1980,1980-01-31,31/jan/1980,DAY,UNKNOWN,PLAYED,True,Torneio Adjair Lima-GO,TORNEIO_ADJAIR_LIMA_GO,Torneio Adjair Lima-GO,,,Goiás,Santos-SP,Santos-SP,True,False,0,4,0,4,0 x 4,L,UNKNOWN,UNKNOWN,GO,Brasil,FRIENDLY_TOURNAMENT,False,HIGH,HIGH,HIGH,HIGH,LOW,Futebol80,1313,1313,https://www.futebol80.com.br/links/times/goias/goiasjg.htm,,,Torneio preservado no universo complementar/amistoso; não entra no Passaporte competitivo principal.,,historical_futebol80
hist-f80-1314,1980,1980-02-03,03/fev/1980,DAY,UNKNOWN,PLAYED,True,Torneio Adjair Lima-GO,TORNEIO_ADJAIR_LIMA_GO,Torneio Adjair Lima-GO,,,,,Goiânia-GO,,True,,,0,0,0 x 0,D,UNKNOWN,UNKNOWN,GO,Brasil,FRIENDLY_TOURNAMENT,False,HIGH,HIGH,HIGH,HIGH,LOW,Futebol80,1314,1314,https://www.futebol80.com.br/links/times/goias/goiasjg.htm,,,Torneio preservado no universo complementar/amistoso; não entra no Passaporte competitivo principal.,,historical_futebol80
admin-annulled-1984-09-16-goias-jataiense,1984,1984-09-16,1984-09-16,DAY,UNKNOWN,ANNULLED,True,Campeonato Goiano,GOIANO,Campeonato Goiano,,,Jataiense-GO,Goiás,Jataiense-GO,,,0,0,0,0,0 x 0,D,UNKNOWN,UNKNOWN,GO,Brasil,ADMIN_EVENT,False,MEDIUM,MEDIUM,MEDIUM,HIGH,LOW,Futebol80 replacement note,,,https://www.futebol80.com.br/links/times/goias/goiasjg.htm,,,Evento original anulado; preservado apenas no master/auditoria e não contado no Passaporte principal.,Partida original de 16/09/1984 anulada; substituída pelo jogo de 02/12/1984. Placar original 0 x 0 conforme nota da fonte.,historical_admin_reconstructed
hist-f80-1618,1984,1984-11-04,04/nov/1984,DAY,UNKNOWN,DISREGARDED,True,Campeonato Goiano,GOIANO,Goiano (Desconsiderado),,,,,Atlético-GO,,True,,,2,1,2 x 1,W,UNKNOWN,UNKNOWN,GO,Brasil,ADMIN_EVENT,False,HIGH,HIGH,HIGH,HIGH,LOW,Futebol80,1618,1618,https://www.futebol80.com.br/links/times/goias/goiasjg.htm,,,"Partida efetivamente disputada, mas marcada como “Goiano (Desconsiderado)” pela fonte. Preservada para auditoria e excluída do principal.",,historical_futebol80
hist-f80-1619,1984,1984-11-08,08/nov/1984,DAY,UNKNOWN,DISREGARDED,True,Campeonato Goiano,GOIANO,Goiano (Desconsiderado),,,,,Vila Nova-GO,,True,,,1,0,1 x 0,W,UNKNOWN,UNKNOWN,GO,Brasil,ADMIN_EVENT,False,HIGH,HIGH,HIGH,HIGH,LOW,Futebol80,1619,1619,https://www.futebol80.com.br/links/times/goias/goiasjg.htm,,,"Partida efetivamente disputada, mas marcada como “Goiano (Desconsiderado)” pela fonte. Preservada para auditoria e excluída do principal.",,historical_futebol80
hist-f80-1620,1984,1984-11-11,11/nov/1984,DAY,UNKNOWN,DISREGARDED,True,Campeonato Goiano,GOIANO,Goiano (Desconsiderado),,,,,Goiânia-GO,,True,,,2,0,2 x 0,W,UNKNOWN,UNKNOWN,GO,Brasil,ADMIN_EVENT,False,HIGH,HIGH,HIGH,HIGH,LOW,Futebol80,1620,1620,https://www.futebol80.com.br/links/times/goias/goiasjg.htm,,,"Partida efetivamente disputada, mas marcada como “Goiano (Desconsiderado)” pela fonte. Preservada para auditoria e excluída do principal.",,historical_futebol80
hist-f80-1621,1984,1984-11-15,15/nov/1984,DAY,UNKNOWN,DISREGARDED,True,Campeonato Goiano,GOIANO,Goiano (Desconsiderado),,,,,Vila Nova-GO,,True,,,1,2,1 x 2,L,UNKNOWN,UNKNOWN,GO,Brasil,ADMIN_EVENT,False,HIGH,HIGH,HIGH,HIGH,LOW,Futebol80,1621,1621,https://www.futebol80.com.br/links/times/goias/goiasjg.htm,,,"Partida efetivamente disputada, mas marcada como “Goiano (Desconsiderado)” pela fonte. Preservada para auditoria e excluída do principal.",,historical_futebol80
hist-f80-1622,1984,1984-11-18,18/nov/1984,DAY,UNKNOWN,DISREGARDED,True,Campeonato Goiano,GOIANO,Goiano (Desconsiderado),,,,,Goiânia-GO,,True,,,0,0,0 x 0,D,UNKNOWN,UNKNOWN,GO,Brasil,ADMIN_EVENT,False,HIGH,HIGH,HIGH,HIGH,LOW,Futebol80,1622,1622,https://www.futebol80.com.br/links/times/goias/goiasjg.htm,,,"Partida efetivamente disputada, mas marcada como “Goiano (Desconsiderado)” pela fonte. Preservada para auditoria e excluída do principal.",,historical_futebol80
hist-f80-1623,1984,1984-11-21,21/nov/1984,DAY,UNKNOWN,DISREGARDED,True,Campeonato Goiano,GOIANO,Goiano (Desconsiderado),,,,,Atlético-GO,,True,,,3,0,3 x 0,W,UNKNOWN,UNKNOWN,GO,Brasil,ADMIN_EVENT,False,HIGH,HIGH,HIGH,HIGH,LOW,Futebol80,1623,1623,https://www.futebol80.com.br/links/times/goias/goiasjg.htm,,,"Partida efetivamente disputada, mas marcada como “Goiano (Desconsiderado)” pela fonte. Preservada para auditoria e excluída do principal.",,historical_futebol80
hist-f80-1683,1986,1986-01-31,31/jan/1986,DAY,UNKNOWN,PLAYED,True,Torneio Luiz Miguel Estêvão-GO,TORNEIO_LUIZ_MIGUEL_EST_V_O_GO,Torneio Luiz Miguel Estêvão-GO,,,Goiás,Young Boys-SUI,Young Boys-SUI,True,False,2,0,2,0,2 x 0,W,UNKNOWN,UNKNOWN,GO,Brasil,FRIENDLY_TOURNAMENT,False,HIGH,HIGH,HIGH,HIGH,LOW,Futebol80,1683,1683,https://www.futebol80.com.br/links/times/goias/goiasjg.htm,,,Torneio preservado no universo complementar/amistoso; não entra no Passaporte competitivo principal.,,historical_futebol80
hist-f80-1684,1986,1986-02-02,02/fev/1986,DAY,UNKNOWN,PLAYED,True,Torneio Luiz Miguel Estêvão-GO,TORNEIO_LUIZ_MIGUEL_EST_V_O_GO,Torneio Luiz Miguel Estêvão-GO,,,,,Goiânia-GO,,True,,,0,1,0 x 1,L,UNKNOWN,UNKNOWN,GO,Brasil,FRIENDLY_TOURNAMENT,False,HIGH,HIGH,HIGH,HIGH,LOW,Futebol80,1684,1684,https://www.futebol80.com.br/links/times/goias/goiasjg.htm,,,Torneio preservado no universo complementar/amistoso; não entra no Passaporte competitivo principal.,,historical_futebol80
hist-f80-2187,1993,1993-10-10,10/out/1993,DAY,UNKNOWN,PLAYED,True,Torneio Íris Rezende-GO,TORNEIO_RIS_REZENDE_GO,Torneio Íris Rezende-GO,,,Goiás,Piracanjuba-GO,Piracanjuba-GO,True,False,0,0,0,0,0 x 0,D,UNKNOWN,UNKNOWN,GO,Brasil,FRIENDLY_TOURNAMENT,False,HIGH,HIGH,HIGH,HIGH,LOW,Futebol80,2187,2187,https://www.futebol80.com.br/links/times/goias/goiasjg.htm,https://rsssfbrasil.com/tablesfq/go1993l2.htm,,"Preservado como torneio amistoso/complementar. A FGF oficializou a organização em 1993, mas documentação histórica o descreve como torneio amistoso; não entra no Passaporte competitivo principal.",,historical_futebol80
hist-f80-2189,1993,1993-10-13,13/out/1993,DAY,UNKNOWN,PLAYED,True,Torneio Íris Rezende-GO,TORNEIO_RIS_REZENDE_GO,Torneio Íris Rezende-GO,,,Goiás,Anápolis-GO,Anápolis-GO,True,False,4,0,4,0,4 x 0,W,UNKNOWN,UNKNOWN,GO,Brasil,FRIENDLY_TOURNAMENT,False,HIGH,HIGH,HIGH,HIGH,LOW,Futebol80,2189,2189,https://www.futebol80.com.br/links/times/goias/goiasjg.htm,https://rsssfbrasil.com/tablesfq/go1993l2.htm,,"Preservado como torneio amistoso/complementar. A FGF oficializou a organização em 1993, mas documentação histórica o descreve como torneio amistoso; não entra no Passaporte competitivo principal.",,historical_futebol80
hist-f80-2191,1993,1993-10-17,17/out/1993,DAY,UNKNOWN,PLAYED,True,Torneio Íris Rezende-GO,TORNEIO_RIS_REZENDE_GO,Torneio Íris Rezende-GO,,,CRAC-GO,Goiás,CRAC-GO,False,False,0,0,0,0,0 x 0,D,UNKNOWN,UNKNOWN,GO,Brasil,FRIENDLY_TOURNAMENT,False,HIGH,HIGH,HIGH,HIGH,LOW,Futebol80,2191,2191,https://www.futebol80.com.br/links/times/goias/goiasjg.htm,https://rsssfbrasil.com/tablesfq/go1993l2.htm,,"Preservado como torneio amistoso/complementar. A FGF oficializou a organização em 1993, mas documentação histórica o descreve como torneio amistoso; não entra no Passaporte competitivo principal.",,historical_futebol80
hist-f80-2194,1993,1993-10-24,24/out/1993,DAY,UNKNOWN,PLAYED,True,Torneio Íris Rezende-GO,TORNEIO_RIS_REZENDE_GO,Torneio Íris Rezende-GO,,,Anapolina-GO,Goiás,Anapolina-GO,False,False,1,0,0,1,0 x 1,L,UNKNOWN,UNKNOWN,GO,Brasil,FRIENDLY_TOURNAMENT,False,HIGH,HIGH,HIGH,HIGH,LOW,Futebol80,2194,2194,https://www.futebol80.com.br/links/times/goias/goiasjg.htm,https://rsssfbrasil.com/tablesfq/go1993l2.htm,,"Preservado como torneio amistoso/complementar. A FGF oficializou a organização em 1993, mas documentação histórica o descreve como torneio amistoso; não entra no Passaporte competitivo principal.",,historical_futebol80
hist-f80-2196,1993,1993-11-10,10/nov/1993,DAY,UNKNOWN,PLAYED,True,Torneio Íris Rezende-GO,TORNEIO_RIS_REZENDE_GO,Torneio Íris Rezende-GO,,,,,Vila Nova-GO,,True,,,3,2,3 x 2,W,UNKNOWN,UNKNOWN,GO,Brasil,FRIENDLY_TOURNAMENT,False,HIGH,HIGH,HIGH,HIGH,LOW,Futebol80,2196,2196,https://www.futebol80.com.br/links/times/goias/goiasjg.htm,https://rsssfbrasil.com/tablesfq/go1993l2.htm,,"Preservado como torneio amistoso/complementar. A FGF oficializou a organização em 1993, mas documentação histórica o descreve como torneio amistoso; não entra no Passaporte competitivo principal.",,historical_futebol80
hist-f80-2197,1993,1993-11-14,14/nov/1993,DAY,UNKNOWN,PLAYED,True,Torneio Íris Rezende-GO,TORNEIO_RIS_REZENDE_GO,Torneio Íris Rezende-GO,,,Piracanjuba-GO,Goiás,Piracanjuba-GO,False,False,1,1,1,1,1 x 1,D,UNKNOWN,UNKNOWN,GO,Brasil,FRIENDLY_TOURNAMENT,False,HIGH,HIGH,HIGH,HIGH,LOW,Futebol80,2197,2197,https://www.futebol80.com.br/links/times/goias/goiasjg.htm,https://rsssfbrasil.com/tablesfq/go1993l2.htm,,"Preservado como torneio amistoso/complementar. A FGF oficializou a organização em 1993, mas documentação histórica o descreve como torneio amistoso; não entra no Passaporte competitivo principal.",,historical_futebol80
hist-f80-2198,1993,1993-11-18,18/nov/1993,DAY,UNKNOWN,PLAYED,True,Torneio Íris Rezende-GO,TORNEIO_RIS_REZENDE_GO,Torneio Íris Rezende-GO,,,Goiás,Anapolina-GO,Anapolina-GO,True,False,0,1,0,1,0 x 1,L,UNKNOWN,UNKNOWN,GO,Brasil,FRIENDLY_TOURNAMENT,False,HIGH,HIGH,HIGH,HIGH,LOW,Futebol80,2198,2198,https://www.futebol80.com.br/links/times/goias/goiasjg.htm,https://rsssfbrasil.com/tablesfq/go1993l2.htm,,"Preservado como torneio amistoso/complementar. A FGF oficializou a organização em 1993, mas documentação histórica o descreve como torneio amistoso; não entra no Passaporte competitivo principal.",,historical_futebol80
hist-f80-2199,1993,1993-11-21,21/nov/1993,DAY,UNKNOWN,PLAYED,True,Torneio Íris Rezende-GO,TORNEIO_RIS_REZENDE_GO,Torneio Íris Rezende-GO,,,Goiás,CRAC-GO,CRAC-GO,True,False,2,1,2,1,2 x 1,W,UNKNOWN,UNKNOWN,GO,Brasil,FRIENDLY_TOURNAMENT,False,HIGH,HIGH,HIGH,HIGH,LOW,Futebol80,2199,2199,https://www.futebol80.com.br/links/times/goias/goiasjg.htm,https://rsssfbrasil.com/tablesfq/go1993l2.htm,,"Preservado como torneio amistoso/complementar. A FGF oficializou a organização em 1993, mas documentação histórica o descreve como torneio amistoso; não entra no Passaporte competitivo principal.",,historical_futebol80
hist-f80-2200,1993,1993-11-28,28/nov/1993,DAY,UNKNOWN,PLAYED,True,Torneio Íris Rezende-GO,TORNEIO_RIS_REZENDE_GO,Torneio Íris Rezende-GO,,,Anápolis-GO,Goiás,Anápolis-GO,False,False,1,4,4,1,4 x 1,W,UNKNOWN,UNKNOWN,GO,Brasil,FRIENDLY_TOURNAMENT,False,HIGH,HIGH,HIGH,HIGH,LOW,Futebol80,2200,2200,https://www.futebol80.com.br/links/times/goias/goiasjg.htm,https://rsssfbrasil.com/tablesfq/go1993l2.htm,,"Preservado como torneio amistoso/complementar. A FGF oficializou a organização em 1993, mas documentação histórica o descreve como torneio amistoso; não entra no Passaporte competitivo principal.",,historical_futebol80
hist-f80-2201,1993,1993-12-02,02/dez/1993,DAY,UNKNOWN,PLAYED,True,Torneio Íris Rezende-GO,TORNEIO_RIS_REZENDE_GO,Torneio Íris Rezende-GO,,,,,Vila Nova-GO,,True,,,1,0,1 x 0,W,UNKNOWN,UNKNOWN,GO,Brasil,FRIENDLY_TOURNAMENT,False,HIGH,HIGH,HIGH,HIGH,LOW,Futebol80,2201,2201,https://www.futebol80.com.br/links/times/goias/goiasjg.htm,https://rsssfbrasil.com/tablesfq/go1993l2.htm,,"Preservado como torneio amistoso/complementar. A FGF oficializou a organização em 1993, mas documentação histórica o descreve como torneio amistoso; não entra no Passaporte competitivo principal.",,historical_futebol80
