name,category,slug,source_url
PUMA,Patrocinador Premium,puma,https://img.redbullbragantino.com/images/2026/2/4/dfcsflqaf3nupklqk7za/puma
ASAAS,Patrocinador Premium,asaas,https://img.redbullbragantino.com/images/2026/4/9/sttqoyvrxewigmndoxxy/asaas
N&D,Patrocinador Premium,nd,https://img.redbullbragantino.com/images/2026/2/4/flm5lta2ql7lniqjsxd5/nd
CURAPROX,Patrocinador Premium,curaprox,https://img.redbullbragantino.com/images/2026/2/4/cvawo7k4nqnd6wrajurj/curaprox
KNN IDIOMAS,Patrocinador Premium,knn-idiomas,https://img.redbullbragantino.com/images/2026/8/25/qcxkkbhx3bz2dkfyygaf/knn-idiomas
PELUSO SPERANDIO,Patrocinador Regional,peluso-sperandio,https://img.redbullbragantino.com/images/2026/2/4/b3blwskeo5ad98lxhiab/peluso-sperandio
CONVÉM,Patrocinador Regional,convem,https://img.redbullbragantino.com/images/2026/7/22/bnmf27esnngescqkmlvd/convem-supermercados
UNIMED,Patrocinador Regional,unimed,https://img.redbullbragantino.com/images/2026/3/30/lgzporikoavbq9pbe4vg/unimed
UNIMAGEM,Patrocinador Regional,unimagem,https://img.redbullbragantino.com/images/2026/3/30/ygvizkcuntvlsk59p6t9/unimagem
HUMANITARIAN,Patrocinador Regional,humanitarian,https://img.redbullbragantino.com/images/2026/3/30/spfw4zi4aqppc7cdqdy0/humanitarian
LO SARDO,Patrocinador Regional,lo-sardo,https://img.redbullbragantino.com/images/2026/3/30/lrbcketb3okuz4rn2pli/lo-sardo
COLÉGIO POPULUS,Fornecedor Oficial,colegio-populus,https://img.redbullbragantino.com/images/2026/2/4/adcn0uoz3xz3dd3kl3pn/colegio-populus
ECOBIER,Fornecedor Oficial,ecobier,https://img.redbullbragantino.com/images/2026/3/19/ibpr9rgycnvofmrzgdta/ecobier-logo
CPJÓIA,Fornecedor Oficial,cpjoia,https://img.redbullbragantino.com/images/2026/2/4/rssbn35q1kpdfm97t3gb/cpjoia
CAMPUS.LIVE,Fornecedor Oficial,campus-live,https://img.redbullbragantino.com/images/2026/2/4/amwid1dfbyxbqwsj1qix/campus-live
MEU INGLÊS SOB MEDIDA,Fornecedor Oficial,meu-ingles-sob-medida,https://img.redbullbragantino.com/images/2026/2/4/uhguugeltbzukv5vkc8z/meu-ingles-sob-medida
TRENDX,Fornecedor Oficial,trendx,https://img.redbullbragantino.com/images/2026/7/22/rhtmhvkd2hjtuzdvhzat/logo-trendx
