id,season,effective_date,date_original,date_precision,time,status,played,competition,competition_code,competition_original,round,phase,home_team,away_team,opponent,goias_is_home,neutral_site,home_score,away_score,goias_score,opponent_score,score_display,outcome,venue_name,venue_city,venue_state,venue_country,officiality,passport_eligible,confidence,source_confidence,score_confidence,date_confidence,venue_confidence,source_provider,source_match_id,historical_source_no,source_url,source_secondary,conflict_note,classification_note,notes,dataset_origin,venue_probable_name,venue_probable_city,venue_probable_confidence,venue_probable_basis,venue_pending_type
hist-f80-0042,1946,,1946,YEAR,UNKNOWN,PLAYED,True,Campeonato Goiano,GOIANO,Goiano-Citadino de Goiânia,,,,,ABG-GO,,True,,,,,UNKNOWN,,UNKNOWN,UNKNOWN,GO,Brasil,OFFICIAL_COMPETITIVE,True,MEDIUM,MEDIUM,LOW,MEDIUM,LOW,Futebol80,42,42.0,https://www.futebol80.com.br/links/times/goias/goiasjg.htm,,,"Partida competitiva documentada contra ABG em 1946, mas sem dia/mês e sem placar recuperáveis; mantida no Passaporte como exceção conhecida.",Partida competitiva reportada pelo catálogo; data exata e placar não disponíveis.,historical_futebol80,,,,,UNKNOWN
hist-f80-0149,1952,1952-05-04,04/mai/1952,DAY,UNKNOWN,PLAYED,True,Torneio Início do Campeonato Goiano,TORNEIO_INICIO_GOIANO,Torneio Início-Goiano,,,,,Goiânia,,True,,,0.0,1.0,0 x 1,L,UNKNOWN,UNKNOWN,GO,Brasil,COMPETITIVE_SECONDARY,True,HIGH,HIGH,HIGH,HIGH,LOW,Futebol80,149,149.0,https://www.futebol80.com.br/links/times/goias/goiasjg.htm,,,,,historical_futebol80,,,,,UNKNOWN
hist-f80-0172,1953,1953-03-22,22/mar/1953,DAY,UNKNOWN,PLAYED,True,Torneio Início do Campeonato Goiano,TORNEIO_INICIO_GOIANO,Torneio Início-Goiano,,,,,União-GO,,True,,,0.0,1.0,0 x 1,L,UNKNOWN,UNKNOWN,GO,Brasil,COMPETITIVE_SECONDARY,True,HIGH,HIGH,HIGH,HIGH,LOW,Futebol80,172,172.0,https://www.futebol80.com.br/links/times/goias/goiasjg.htm,,,,,historical_futebol80,,,,,UNKNOWN
hist-f80-0227,1955,1955-04-24,24/abr/1955,DAY,UNKNOWN,PLAYED,True,Torneio Início do Campeonato Goiano,TORNEIO_INICIO_GOIANO,Torneio Início-Goiano,,,,,Atlético-GO,,True,,,1.0,1.0,1 x 1,D,UNKNOWN,UNKNOWN,GO,Brasil,COMPETITIVE_SECONDARY,True,HIGH,HIGH,HIGH,HIGH,LOW,Futebol80,227,227.0,https://www.futebol80.com.br/links/times/goias/goiasjg.htm,,,,,historical_futebol80,,,,,UNKNOWN
hist-f80-0228,1955,1955-04-24,24/abr/1955,DAY,UNKNOWN,PLAYED,True,Torneio Início do Campeonato Goiano,TORNEIO_INICIO_GOIANO,Torneio Início-Goiano,,,,,São Luís de Campinas-GO,,True,,,1.0,0.0,1 x 0,W,UNKNOWN,UNKNOWN,GO,Brasil,COMPETITIVE_SECONDARY,True,HIGH,HIGH,HIGH,HIGH,LOW,Futebol80,228,228.0,https://www.futebol80.com.br/links/times/goias/goiasjg.htm,,,,,historical_futebol80,,,,,UNKNOWN
hist-f80-0229,1955,1955-04-24,24/abr/1955,DAY,UNKNOWN,PLAYED,True,Torneio Início do Campeonato Goiano,TORNEIO_INICIO_GOIANO,Torneio Início-Goiano,,,,,Goiânia-GO,,True,,,1.0,0.0,1 x 0,W,UNKNOWN,UNKNOWN,GO,Brasil,COMPETITIVE_SECONDARY,True,HIGH,HIGH,HIGH,HIGH,LOW,Futebol80,229,229.0,https://www.futebol80.com.br/links/times/goias/goiasjg.htm,,,,,historical_futebol80,,,,,UNKNOWN
hist-f80-0231,1955,1955-05-29,29/mai/1955,DAY,UNKNOWN,PLAYED,True,Campeonato Goiano,GOIANO,Goiano-Citadino de Goiânia,,,,,Mariana-GO,,True,,,5.0,2.0,5 x 2,W,UNKNOWN,UNKNOWN,GO,Brasil,OFFICIAL_COMPETITIVE,True,HIGH,HIGH,HIGH,HIGH,LOW,Futebol80,231,231.0,https://www.futebol80.com.br/links/times/goias/goiasjg.htm,,,,"Ficha do Futebol de Goyaz ID 48734 (5ª rodada, Goiás 5 x 2 Mariana, 29/05/1955) existe, mas o campo de estádio está VAZIO; o outro jogo da data (ID 48733) também está sem estádio. Pendente.",historical_futebol80,,,,,UNKNOWN
hist-f80-0274,1957,1957-05-05,05/mai/1957,DAY,UNKNOWN,PLAYED,True,Torneio Início do Campeonato Goiano,TORNEIO_INICIO_GOIANO,Torneio Início-Goiano,,,,,São Paulo-GO,,True,,,0.0,0.0,0 x 0,D,UNKNOWN,UNKNOWN,GO,Brasil,COMPETITIVE_SECONDARY,True,HIGH,HIGH,HIGH,HIGH,LOW,Futebol80,274,274.0,https://www.futebol80.com.br/links/times/goias/goiasjg.htm,https://www.rsssfbrasil.com/tablesfq/go1957in.htm | https://pt.wikipedia.org/wiki/Torneio_In%C3%ADcio_do_Campeonato_Goiano,,,"REABERTO (critério rígido): a confirmação anterior como Olímpico usava a afirmação genérica de que todas as edições do Torneio Início até 1974 foram no Olímpico (Wikipédia, sem citação). Isso não individualiza a partida. Jogo confirmado pela RSSSF (go1957in.htm); estádio aguardando fonte específica.",historical_futebol80,,,,,UNKNOWN
hist-f80-0436,1963,1963-01-13,13/jan/1963,DAY,UNKNOWN,PLAYED,True,Campeonato Goiano,GOIANO,Goiano,,,,,Santa Rita-GO,,True,,,2.0,4.0,2 x 4,L,UNKNOWN,UNKNOWN,GO,Brasil,OFFICIAL_COMPETITIVE,True,HIGH,HIGH,HIGH,HIGH,LOW,Futebol80,436,436.0,https://www.futebol80.com.br/links/times/goias/goiasjg.htm,,,,,historical_futebol80,,,,,UNKNOWN
hist-f80-0439,1963,1963-03-03,03/mar/1963,DAY,UNKNOWN,PLAYED,True,Campeonato Goiano,GOIANO,Goiano,,,,,Goiânia-GO,,True,,,2.0,0.0,2 x 0,W,UNKNOWN,UNKNOWN,GO,Brasil,OFFICIAL_COMPETITIVE,True,HIGH,HIGH,HIGH,HIGH,LOW,Futebol80,439,439.0,https://www.futebol80.com.br/links/times/goias/goiasjg.htm,,,,,historical_futebol80,,,,,UNKNOWN
hist-f80-0472,1964,1964-02-26,26/fev/1964,DAY,UNKNOWN,REPLACEMENT,True,Campeonato Goiano,GOIANO,Goiano,,,,,Ferroviário-GO,,True,,,1.0,2.0,1 x 2,L,UNKNOWN,UNKNOWN,GO,Brasil,OFFICIAL_COMPETITIVE,True,MEDIUM,MEDIUM,MEDIUM,HIGH,LOW,Futebol80,472,472.0,https://www.futebol80.com.br/links/times/goias/goiasjg.htm,,,,"Jogo em substituição ao de 17/11/1963, que foi anulado. Placar 1 x 2 inferido da tabela final; fonte direta do placar da reposição não localizada.",historical_futebol80,,,,,UNKNOWN
hist-f80-0509,1964,1964-11-21,21/nov/1964,DAY,UNKNOWN,PLAYED,True,Campeonato Goiano,GOIANO,Goiano,,,Goiás,Botafogo de Buriti Alegre-GO,Botafogo de Buriti Alegre-GO,True,False,2.0,1.0,2.0,1.0,2 x 1,W,UNKNOWN,UNKNOWN,GO,Brasil,OFFICIAL_COMPETITIVE,True,HIGH,HIGH,HIGH,HIGH,LOW,Futebol80,509,509.0,https://www.futebol80.com.br/links/times/goias/goiasjg.htm,,,,,historical_futebol80,Estádio Olímpico Pedro Ludovico Teixeira,Goiânia,MEDIUM,"INFERIDO, não confirmado. Mandante: Goiás (fonte: CSV (goias_is_home)). Em 1964 (Campeonato Goiano), todos os 13 jogos do Goiás como mandante com estádio confirmado foram em Estádio Olímpico Pedro Ludovico Teixeira (hist-f80-0469, hist-f80-0485, hist-f80-0486, hist-f80-0491, hist-f80-0493, hist-f80-0494, hist-f80-0495, hist-f80-0496, hist-f80-0501, hist-f80-0504, hist-f80-0505, hist-f80-0510, hist-f80-0511).",UNKNOWN
hist-f80-0541,1965,1965-11-11,11/nov/1965,DAY,UNKNOWN,PLAYED,True,Campeonato Goiano,GOIANO,Goiano,,,Goiás,Inhumas-GO,Inhumas-GO,True,False,2.0,2.0,2.0,2.0,2 x 2,D,UNKNOWN,UNKNOWN,GO,Brasil,OFFICIAL_COMPETITIVE,True,HIGH,HIGH,HIGH,HIGH,LOW,Futebol80,541,541.0,https://www.futebol80.com.br/links/times/goias/goiasjg.htm,,,,,historical_futebol80,Estádio Olímpico Pedro Ludovico Teixeira,Goiânia,MEDIUM,"INFERIDO, não confirmado. Mandante: Goiás (fonte: CSV (goias_is_home)). Em 1965 (Campeonato Goiano), todos os 10 jogos do Goiás como mandante com estádio confirmado foram em Estádio Olímpico Pedro Ludovico Teixeira (hist-f80-0520, hist-f80-0521, hist-f80-0522, hist-f80-0523, hist-f80-0526, hist-f80-0527, hist-f80-0530, hist-f80-0539, hist-f80-0545, hist-f80-0547).",UNKNOWN
hist-f80-0555,1966,1966-04-07,07/abr/1966,DAY,UNKNOWN,PLAYED,True,Torneio Início do Campeonato Goiano,TORNEIO_INICIO_GOIANO,Torneio Início-Goiano,,,,,Goiânia-GO,,True,,,0.0,0.0,0 x 0,D,UNKNOWN,UNKNOWN,GO,Brasil,COMPETITIVE_SECONDARY,True,HIGH,HIGH,HIGH,HIGH,LOW,Futebol80,555,555.0,https://www.futebol80.com.br/links/times/goias/goiasjg.htm,,,,,historical_futebol80,,,,,UNKNOWN
hist-f80-0556,1966,1966-04-07,07/abr/1966,DAY,UNKNOWN,PLAYED,True,Torneio Início do Campeonato Goiano,TORNEIO_INICIO_GOIANO,Torneio Início-Goiano,,,,,Vila Nova-GO,,True,,,0.0,0.0,0 x 0,D,UNKNOWN,UNKNOWN,GO,Brasil,COMPETITIVE_SECONDARY,True,HIGH,HIGH,HIGH,HIGH,LOW,Futebol80,556,556.0,https://www.futebol80.com.br/links/times/goias/goiasjg.htm,,,,,historical_futebol80,,,,,UNKNOWN
hist-f80-0557,1966,1966-04-07,07/abr/1966,DAY,UNKNOWN,PLAYED,True,Torneio Início do Campeonato Goiano,TORNEIO_INICIO_GOIANO,Torneio Início-Goiano,,,,,Ipiranga de Anápolis-GO,,True,,,0.0,0.0,0 x 0,D,UNKNOWN,UNKNOWN,GO,Brasil,COMPETITIVE_SECONDARY,True,HIGH,HIGH,HIGH,HIGH,LOW,Futebol80,557,557.0,https://www.futebol80.com.br/links/times/goias/goiasjg.htm,,,,,historical_futebol80,,,,,UNKNOWN
hist-f80-0558,1966,1966-04-07,07/abr/1966,DAY,UNKNOWN,PLAYED,True,Torneio Início do Campeonato Goiano,TORNEIO_INICIO_GOIANO,Torneio Início-Goiano,,,,,Anápolis-GO,,True,,,0.0,1.0,0 x 1,L,UNKNOWN,UNKNOWN,GO,Brasil,COMPETITIVE_SECONDARY,True,HIGH,HIGH,HIGH,HIGH,LOW,Futebol80,558,558.0,https://www.futebol80.com.br/links/times/goias/goiasjg.htm,,,,,historical_futebol80,,,,,UNKNOWN
hist-f80-0665,1968,1968-11-15,15/nov/1968,DAY,UNKNOWN,PLAYED,True,Campeonato Goiano,GOIANO,Goiano,,,Goiás,Inhumas-GO,Inhumas-GO,True,False,0.0,1.0,0.0,1.0,0 x 1,L,UNKNOWN,UNKNOWN,GO,Brasil,OFFICIAL_COMPETITIVE,True,HIGH,HIGH,HIGH,HIGH,LOW,Futebol80,665,665.0,https://www.futebol80.com.br/links/times/goias/goiasjg.htm,,,,,historical_futebol80,Estádio Olímpico Pedro Ludovico Teixeira,Goiânia,MEDIUM,"INFERIDO, não confirmado. Mandante: Goiás (fonte: CSV (goias_is_home)). Em 1968 (Campeonato Goiano), todos os 8 jogos do Goiás como mandante com estádio confirmado foram em Estádio Olímpico Pedro Ludovico Teixeira (hist-f80-0648, hist-f80-0649, hist-f80-0650, hist-f80-0651, hist-f80-0654, hist-f80-0659, hist-f80-0661, hist-f80-0663).",UNKNOWN
hist-f80-0744,1970,1970-07-19,19/jul/1970,DAY,UNKNOWN,PLAYED,True,Campeonato Goiano,GOIANO,Goiano,,,,,Goiânia-GO,,True,,,0.0,0.0,0 x 0,D,UNKNOWN,UNKNOWN,GO,Brasil,OFFICIAL_COMPETITIVE,True,HIGH,HIGH,HIGH,HIGH,LOW,Futebol80,744,744.0,https://www.futebol80.com.br/links/times/goias/goiasjg.htm,,,,,historical_futebol80,,,,,UNKNOWN
hist-f80-0780,1971,1971-03-28,28/mar/1971,DAY,UNKNOWN,PLAYED,True,Copa Goiás,COPA_GOIAS,Copa Goiás,,,,,Goiânia-GO,,True,,,1.0,1.0,1 x 1,D,UNKNOWN,UNKNOWN,GO,Brasil,COMPETITIVE_SECONDARY,True,HIGH,HIGH,HIGH,HIGH,LOW,Futebol80,780,780.0,https://www.futebol80.com.br/links/times/goias/goiasjg.htm,,,,,historical_futebol80,,,,,UNKNOWN
hist-f80-0802,1971,1971-09-26,26/set/1971,DAY,UNKNOWN,PLAYED_ADMIN_RESULT,True,Torneio Integração Nacional,INTEGRACAO_NACIONAL,Torneio Integração Nacional,,,Goiás,Fast-AM,Fast-AM,True,False,1.0,0.0,1.0,0.0,1 x 0,W,UNKNOWN,UNKNOWN,GO,Brasil,COMPETITIVE_SECONDARY,True,HIGH,HIGH,HIGH,HIGH,LOW,Futebol80,802,802.0,https://www.futebol80.com.br/links/times/goias/goiasjg.htm,,,Houve partida; o placar oficial final foi determinado pelo TJD após interrupção.,Resultado determinado pelo TJD; jogo estava 0 x 1 quando foi interrompido.,historical_futebol80,,,,,UNKNOWN
hist-f80-1028,1975,1975-06-08,08/jun/1975,DAY,UNKNOWN,PLAYED,True,Campeonato Goiano,GOIANO,Goiano,,,Anapolina-GO,Goiás,Anapolina-GO,False,False,0.0,2.0,2.0,0.0,2 x 0,W,UNKNOWN,UNKNOWN,GO,Brasil,OFFICIAL_COMPETITIVE,True,HIGH,HIGH,HIGH,HIGH,LOW,Futebol80,1028,1028.0,https://www.futebol80.com.br/links/times/goias/goiasjg.htm,,,,,historical_futebol80,,,,,UNKNOWN
hist-f80-1067,1976,1976-02-08,08/fev/1976,DAY,UNKNOWN,PLAYED,True,Campeonato Goiano,GOIANO,Goiano,,,Santa Helena-GO,Goiás,Santa Helena-GO,False,False,0.0,1.0,1.0,0.0,1 x 0,W,UNKNOWN,UNKNOWN,GO,Brasil,OFFICIAL_COMPETITIVE,True,HIGH,HIGH,HIGH,HIGH,LOW,Futebol80,1067,1067.0,https://www.futebol80.com.br/links/times/goias/goiasjg.htm,,,,,historical_futebol80,,,,,UNKNOWN
hist-f80-1068,1976,1976-02-18,18/fev/1976,DAY,UNKNOWN,PLAYED,True,Campeonato Goiano,GOIANO,Goiano,,,Goiás,Jataiense-GO,Jataiense-GO,True,False,5.0,1.0,5.0,1.0,5 x 1,W,UNKNOWN,UNKNOWN,GO,Brasil,OFFICIAL_COMPETITIVE,True,HIGH,HIGH,HIGH,HIGH,LOW,Futebol80,1068,1068.0,https://www.futebol80.com.br/links/times/goias/goiasjg.htm,,,,,historical_futebol80,,,,,UNKNOWN
hist-f80-1069,1976,1976-02-22,22/fev/1976,DAY,UNKNOWN,PLAYED,True,Campeonato Goiano,GOIANO,Goiano,,,,,Goiânia-GO,,True,,,2.0,2.0,2 x 2,D,UNKNOWN,UNKNOWN,GO,Brasil,OFFICIAL_COMPETITIVE,True,HIGH,HIGH,HIGH,HIGH,LOW,Futebol80,1069,1069.0,https://www.futebol80.com.br/links/times/goias/goiasjg.htm,,,,,historical_futebol80,,,,,UNKNOWN
hist-f80-1070,1976,1976-02-29,29/fev/1976,DAY,UNKNOWN,PLAYED,True,Campeonato Goiano,GOIANO,Goiano,,,Inhumas-GO,Goiás,Inhumas-GO,False,False,0.0,0.0,0.0,0.0,0 x 0,D,UNKNOWN,UNKNOWN,GO,Brasil,OFFICIAL_COMPETITIVE,True,HIGH,HIGH,HIGH,HIGH,LOW,Futebol80,1070,1070.0,https://www.futebol80.com.br/links/times/goias/goiasjg.htm,,,,,historical_futebol80,,,,,UNKNOWN
hist-f80-1071,1976,1976-03-10,10/mar/1976,DAY,UNKNOWN,PLAYED,True,Campeonato Goiano,GOIANO,Goiano,,,Goiás,Rio Verde-GO,Rio Verde-GO,True,False,4.0,0.0,4.0,0.0,4 x 0,W,UNKNOWN,UNKNOWN,GO,Brasil,OFFICIAL_COMPETITIVE,True,HIGH,HIGH,HIGH,HIGH,LOW,Futebol80,1071,1071.0,https://www.futebol80.com.br/links/times/goias/goiasjg.htm,,,,,historical_futebol80,,,,,UNKNOWN
hist-f80-1073,1976,1976-03-21,21/mar/1976,DAY,UNKNOWN,PLAYED,True,Campeonato Goiano,GOIANO,Goiano,,,Itumbiara-GO,Goiás,Itumbiara-GO,False,False,2.0,1.0,1.0,2.0,1 x 2,L,UNKNOWN,UNKNOWN,GO,Brasil,OFFICIAL_COMPETITIVE,True,HIGH,HIGH,HIGH,HIGH,LOW,Futebol80,1073,1073.0,https://www.futebol80.com.br/links/times/goias/goiasjg.htm,,,,,historical_futebol80,,,,,UNKNOWN
hist-f80-1078,1976,1976-04-29,29/abr/1976,DAY,UNKNOWN,PLAYED,True,Campeonato Goiano,GOIANO,Goiano,,,Goiás,Inhumas-GO,Inhumas-GO,True,False,6.0,0.0,6.0,0.0,6 x 0,W,UNKNOWN,UNKNOWN,GO,Brasil,OFFICIAL_COMPETITIVE,True,HIGH,HIGH,HIGH,HIGH,LOW,Futebol80,1078,1078.0,https://www.futebol80.com.br/links/times/goias/goiasjg.htm,,,,,historical_futebol80,,,,,UNKNOWN
hist-f80-1079,1976,1976-05-02,02/mai/1976,DAY,UNKNOWN,PLAYED,True,Campeonato Goiano,GOIANO,Goiano,,,Goiatuba-GO,Goiás,Goiatuba-GO,False,False,1.0,5.0,5.0,1.0,5 x 1,W,UNKNOWN,UNKNOWN,GO,Brasil,OFFICIAL_COMPETITIVE,True,HIGH,HIGH,HIGH,HIGH,LOW,Futebol80,1079,1079.0,https://www.futebol80.com.br/links/times/goias/goiasjg.htm,,,,,historical_futebol80,,,,,UNKNOWN
hist-f80-1080,1976,1976-05-10,10/mai/1976,DAY,UNKNOWN,PLAYED,True,Campeonato Goiano,GOIANO,Goiano,,,Rio Verde-GO,Goiás,Rio Verde-GO,False,False,0.0,1.0,1.0,0.0,1 x 0,W,UNKNOWN,UNKNOWN,GO,Brasil,OFFICIAL_COMPETITIVE,True,HIGH,HIGH,HIGH,HIGH,LOW,Futebol80,1080,1080.0,https://www.futebol80.com.br/links/times/goias/goiasjg.htm,,,,,historical_futebol80,,,,,UNKNOWN
hist-f80-1081,1976,1976-05-16,16/mai/1976,DAY,UNKNOWN,PLAYED,True,Campeonato Goiano,GOIANO,Goiano,,,Anapolina-GO,Goiás,Anapolina-GO,False,False,0.0,1.0,1.0,0.0,1 x 0,W,UNKNOWN,UNKNOWN,GO,Brasil,OFFICIAL_COMPETITIVE,True,HIGH,HIGH,HIGH,HIGH,LOW,Futebol80,1081,1081.0,https://www.futebol80.com.br/links/times/goias/goiasjg.htm,,,,,historical_futebol80,,,,,UNKNOWN
hist-f80-1083,1976,1976-05-26,26/mai/1976,DAY,UNKNOWN,PLAYED,True,Campeonato Goiano,GOIANO,Goiano,,,Goiás,Santa Helena-GO,Santa Helena-GO,True,False,3.0,0.0,3.0,0.0,3 x 0,W,UNKNOWN,UNKNOWN,GO,Brasil,OFFICIAL_COMPETITIVE,True,HIGH,HIGH,HIGH,HIGH,LOW,Futebol80,1083,1083.0,https://www.futebol80.com.br/links/times/goias/goiasjg.htm,,,,,historical_futebol80,,,,,UNKNOWN
hist-f80-1084,1976,1976-05-30,30/mai/1976,DAY,UNKNOWN,PLAYED,True,Campeonato Goiano,GOIANO,Goiano,,,Jataiense-GO,Goiás,Jataiense-GO,False,False,1.0,0.0,0.0,1.0,0 x 1,L,UNKNOWN,UNKNOWN,GO,Brasil,OFFICIAL_COMPETITIVE,True,HIGH,HIGH,HIGH,HIGH,LOW,Futebol80,1084,1084.0,https://www.futebol80.com.br/links/times/goias/goiasjg.htm,,,,,historical_futebol80,,,,,UNKNOWN
hist-f80-1087,1976,1976-06-12,12/jun/1976,DAY,UNKNOWN,PLAYED,True,Campeonato Goiano,GOIANO,Goiano,,,Goiás,Itumbiara-GO,Itumbiara-GO,True,False,0.0,0.0,0.0,0.0,0 x 0,D,UNKNOWN,UNKNOWN,GO,Brasil,OFFICIAL_COMPETITIVE,True,HIGH,HIGH,HIGH,HIGH,LOW,Futebol80,1087,1087.0,https://www.futebol80.com.br/links/times/goias/goiasjg.htm,,,,,historical_futebol80,,,,,UNKNOWN
hist-f80-1105,1976,1976-09-19,19/set/1976,DAY,UNKNOWN,PLAYED,True,Torneio Incentivo,TORNEIO_INCENTIVO,Torneio Incentivo-GO,,,Goiás,Anápolis-GO,Anápolis-GO,True,False,1.0,0.0,1.0,0.0,1 x 0,W,UNKNOWN,UNKNOWN,GO,Brasil,COMPETITIVE_SECONDARY,True,HIGH,HIGH,HIGH,HIGH,LOW,Futebol80,1105,1105.0,https://www.futebol80.com.br/links/times/goias/goiasjg.htm,,,,,historical_futebol80,,,,,UNKNOWN
hist-f80-1603,1984,1984-08-05,05/ago/1984,DAY,UNKNOWN,PLAYED,True,Campeonato Goiano,GOIANO,Goiano,,,Goiás,Goianésia-GO,Goianésia-GO,True,False,1.0,1.0,1.0,1.0,1 x 1,D,UNKNOWN,UNKNOWN,GO,Brasil,OFFICIAL_COMPETITIVE,True,HIGH,HIGH,HIGH,HIGH,LOW,Futebol80,1603,1603.0,https://www.futebol80.com.br/links/times/goias/goiasjg.htm,,,,,historical_futebol80,Estádio Serra Dourada,Goiânia,MEDIUM,"INFERIDO, não confirmado. Mandante: Goiás (fonte: CSV (goias_is_home)). Em 1984 (Campeonato Goiano), todos os 4 jogos do Goiás como mandante com estádio confirmado foram em Estádio Serra Dourada (hist-f80-1598, hist-f80-1600, hist-f80-1602, hist-f80-1615).",UNKNOWN
hist-f80-1604,1984,1984-08-12,12/ago/1984,DAY,UNKNOWN,PLAYED,True,Campeonato Goiano,GOIANO,Goiano,,,Itumbiara-GO,Goiás,Itumbiara-GO,False,False,1.0,2.0,2.0,1.0,2 x 1,W,UNKNOWN,UNKNOWN,GO,Brasil,OFFICIAL_COMPETITIVE,True,HIGH,HIGH,HIGH,HIGH,LOW,Futebol80,1604,1604.0,https://www.futebol80.com.br/links/times/goias/goiasjg.htm,,,,,historical_futebol80,,,,,UNKNOWN
hist-f80-1605,1984,1984-08-15,15/ago/1984,DAY,UNKNOWN,PLAYED,True,Campeonato Goiano,GOIANO,Goiano,,,Goiás,Anapolina-GO,Anapolina-GO,True,False,3.0,1.0,3.0,1.0,3 x 1,W,UNKNOWN,UNKNOWN,GO,Brasil,OFFICIAL_COMPETITIVE,True,HIGH,HIGH,HIGH,HIGH,LOW,Futebol80,1605,1605.0,https://www.futebol80.com.br/links/times/goias/goiasjg.htm,,,,,historical_futebol80,Estádio Serra Dourada,Goiânia,MEDIUM,"INFERIDO, não confirmado. Mandante: Goiás (fonte: CSV (goias_is_home)). Em 1984 (Campeonato Goiano), todos os 4 jogos do Goiás como mandante com estádio confirmado foram em Estádio Serra Dourada (hist-f80-1598, hist-f80-1600, hist-f80-1602, hist-f80-1615).",UNKNOWN
hist-f80-1606,1984,1984-08-19,19/ago/1984,DAY,UNKNOWN,PLAYED,True,Campeonato Goiano,GOIANO,Goiano,,,,,Goiânia-GO,,True,,,0.0,1.0,0 x 1,L,UNKNOWN,UNKNOWN,GO,Brasil,OFFICIAL_COMPETITIVE,True,HIGH,HIGH,HIGH,HIGH,LOW,Futebol80,1606,1606.0,https://www.futebol80.com.br/links/times/goias/goiasjg.htm,,,,,historical_futebol80,,,,,UNKNOWN
hist-f80-1608,1984,1984-09-02,02/set/1984,DAY,UNKNOWN,PLAYED,True,Campeonato Goiano,GOIANO,Goiano,,,Goiás,Itumbiara-GO,Itumbiara-GO,True,False,0.0,2.0,0.0,2.0,0 x 2,L,UNKNOWN,UNKNOWN,GO,Brasil,OFFICIAL_COMPETITIVE,True,HIGH,HIGH,HIGH,HIGH,LOW,Futebol80,1608,1608.0,https://www.futebol80.com.br/links/times/goias/goiasjg.htm,,,,,historical_futebol80,Estádio Serra Dourada,Goiânia,MEDIUM,"INFERIDO, não confirmado. Mandante: Goiás (fonte: CSV (goias_is_home)). Em 1984 (Campeonato Goiano), todos os 4 jogos do Goiás como mandante com estádio confirmado foram em Estádio Serra Dourada (hist-f80-1598, hist-f80-1600, hist-f80-1602, hist-f80-1615).",UNKNOWN
hist-f80-1609,1984,1984-09-09,09/set/1984,DAY,UNKNOWN,PLAYED,True,Campeonato Goiano,GOIANO,Goiano,,,Goianésia-GO,Goiás,Goianésia-GO,False,False,0.0,1.0,1.0,0.0,1 x 0,W,UNKNOWN,UNKNOWN,GO,Brasil,OFFICIAL_COMPETITIVE,True,HIGH,HIGH,HIGH,HIGH,LOW,Futebol80,1609,1609.0,https://www.futebol80.com.br/links/times/goias/goiasjg.htm,,,,,historical_futebol80,,,,,UNKNOWN
hist-f80-1610,1984,1984-09-12,12/set/1984,DAY,UNKNOWN,PLAYED,True,Campeonato Goiano,GOIANO,Goiano,,,Goiás,Anápolis-GO,Anápolis-GO,True,False,3.0,0.0,3.0,0.0,3 x 0,W,UNKNOWN,UNKNOWN,GO,Brasil,OFFICIAL_COMPETITIVE,True,HIGH,HIGH,HIGH,HIGH,LOW,Futebol80,1610,1610.0,https://www.futebol80.com.br/links/times/goias/goiasjg.htm,,,,,historical_futebol80,Estádio Serra Dourada,Goiânia,MEDIUM,"INFERIDO, não confirmado. Mandante: Goiás (fonte: CSV (goias_is_home)). Em 1984 (Campeonato Goiano), todos os 4 jogos do Goiás como mandante com estádio confirmado foram em Estádio Serra Dourada (hist-f80-1598, hist-f80-1600, hist-f80-1602, hist-f80-1615).",UNKNOWN
hist-f80-1611,1984,1984-09-23,23/set/1984,DAY,UNKNOWN,PLAYED,True,Campeonato Goiano,GOIANO,Goiano,,,Goiás,Ceres-GO,Ceres-GO,True,False,3.0,0.0,3.0,0.0,3 x 0,W,UNKNOWN,UNKNOWN,GO,Brasil,OFFICIAL_COMPETITIVE,True,HIGH,HIGH,HIGH,HIGH,LOW,Futebol80,1611,1611.0,https://www.futebol80.com.br/links/times/goias/goiasjg.htm,,,,,historical_futebol80,Estádio Serra Dourada,Goiânia,MEDIUM,"INFERIDO, não confirmado. Mandante: Goiás (fonte: CSV (goias_is_home)). Em 1984 (Campeonato Goiano), todos os 4 jogos do Goiás como mandante com estádio confirmado foram em Estádio Serra Dourada (hist-f80-1598, hist-f80-1600, hist-f80-1602, hist-f80-1615).",UNKNOWN
hist-f80-1612,1984,1984-09-30,30/set/1984,DAY,UNKNOWN,PLAYED,True,Campeonato Goiano,GOIANO,Goiano,,,,,Goiânia-GO,,True,,,0.0,1.0,0 x 1,L,UNKNOWN,UNKNOWN,GO,Brasil,OFFICIAL_COMPETITIVE,True,HIGH,HIGH,HIGH,HIGH,LOW,Futebol80,1612,1612.0,https://www.futebol80.com.br/links/times/goias/goiasjg.htm,,,,,historical_futebol80,,,,,UNKNOWN
hist-f80-1613,1984,1984-10-07,07/out/1984,DAY,UNKNOWN,PLAYED,True,Campeonato Goiano,GOIANO,Goiano,,,Nacional de Itumbiara-GO,Goiás,Nacional de Itumbiara-GO,False,False,0.0,0.0,0.0,0.0,0 x 0,D,UNKNOWN,UNKNOWN,GO,Brasil,OFFICIAL_COMPETITIVE,True,HIGH,HIGH,HIGH,HIGH,LOW,Futebol80,1613,1613.0,https://www.futebol80.com.br/links/times/goias/goiasjg.htm,,,,,historical_futebol80,,,,,UNKNOWN
hist-f80-1614,1984,1984-10-10,10/out/1984,DAY,UNKNOWN,PLAYED,True,Campeonato Goiano,GOIANO,Goiano,,,Goiás,Rio Verde-GO,Rio Verde-GO,True,False,0.0,1.0,0.0,1.0,0 x 1,L,UNKNOWN,UNKNOWN,GO,Brasil,OFFICIAL_COMPETITIVE,True,HIGH,HIGH,HIGH,HIGH,LOW,Futebol80,1614,1614.0,https://www.futebol80.com.br/links/times/goias/goiasjg.htm,,,,,historical_futebol80,Estádio Serra Dourada,Goiânia,MEDIUM,"INFERIDO, não confirmado. Mandante: Goiás (fonte: CSV (goias_is_home)). Em 1984 (Campeonato Goiano), todos os 4 jogos do Goiás como mandante com estádio confirmado foram em Estádio Serra Dourada (hist-f80-1598, hist-f80-1600, hist-f80-1602, hist-f80-1615).",UNKNOWN
hist-f80-1617,1984,1984-10-28,28/out/1984,DAY,UNKNOWN,PLAYED,True,Campeonato Goiano,GOIANO,Goiano,,,Anapolina-GO,Goiás,Anapolina-GO,False,False,0.0,1.0,1.0,0.0,1 x 0,W,UNKNOWN,UNKNOWN,GO,Brasil,OFFICIAL_COMPETITIVE,True,HIGH,HIGH,HIGH,HIGH,LOW,Futebol80,1617,1617.0,https://www.futebol80.com.br/links/times/goias/goiasjg.htm,,,,,historical_futebol80,,,,,UNKNOWN
hist-f80-1624,1984,1984-12-02,02/dez/1984,DAY,UNKNOWN,REPLACEMENT,True,Campeonato Goiano,GOIANO,Goiano,,,Jataiense-GO,Goiás,Jataiense-GO,False,False,3.0,1.0,1.0,3.0,1 x 3,L,UNKNOWN,UNKNOWN,GO,Brasil,OFFICIAL_COMPETITIVE,True,HIGH,HIGH,HIGH,HIGH,LOW,Futebol80,1624,1624.0,https://www.futebol80.com.br/links/times/goias/goiasjg.htm,,,,"Jogo em substituição ao de 16/09/1984, que foi anulado em 0 x 0.",historical_futebol80,,,,,UNKNOWN
hist-f80-1651,1985,1985-06-01,01/jun/1985,DAY,UNKNOWN,PLAYED,True,Campeonato Goiano,GOIANO,Goiano,,,Ceres-GO,Goiás,Ceres-GO,False,False,0.0,0.0,0.0,0.0,0 x 0,D,UNKNOWN,UNKNOWN,GO,Brasil,OFFICIAL_COMPETITIVE,True,HIGH,HIGH,HIGH,HIGH,LOW,Futebol80,1651,1651.0,https://www.futebol80.com.br/links/times/goias/goiasjg.htm,,,,,historical_futebol80,,,,,UNKNOWN
hist-f80-1652,1985,1985-06-06,06/jun/1985,DAY,UNKNOWN,PLAYED,True,Campeonato Goiano,GOIANO,Goiano,,,,,Goiânia-GO,,True,,,1.0,1.0,1 x 1,D,UNKNOWN,UNKNOWN,GO,Brasil,OFFICIAL_COMPETITIVE,True,HIGH,HIGH,HIGH,HIGH,LOW,Futebol80,1652,1652.0,https://www.futebol80.com.br/links/times/goias/goiasjg.htm,,,,,historical_futebol80,Estádio Serra Dourada,Goiânia,MEDIUM,"INFERIDO, não confirmado. Mandante: Goiás (fonte: FdG ficha 22983 (Goiás 1 x 1 Goiânia)). Em 1985 (Campeonato Goiano), todos os 4 jogos do Goiás como mandante com estádio confirmado foram em Estádio Serra Dourada (hist-f80-1658, hist-f80-1659, hist-f80-1672, hist-f80-1680).",UNKNOWN
hist-f80-1653,1985,1985-06-09,09/jun/1985,DAY,UNKNOWN,PLAYED,True,Campeonato Goiano,GOIANO,Goiano,,,Anápolis-GO,Goiás,Anápolis-GO,False,False,2.0,0.0,0.0,2.0,0 x 2,L,UNKNOWN,UNKNOWN,GO,Brasil,OFFICIAL_COMPETITIVE,True,HIGH,HIGH,HIGH,HIGH,LOW,Futebol80,1653,1653.0,https://www.futebol80.com.br/links/times/goias/goiasjg.htm,,,,,historical_futebol80,,,,,UNKNOWN
hist-f80-1654,1985,1985-06-15,15/jun/1985,DAY,UNKNOWN,PLAYED,True,Campeonato Goiano,GOIANO,Goiano,,,Goiás,Rio Verde-GO,Rio Verde-GO,True,False,1.0,0.0,1.0,0.0,1 x 0,W,UNKNOWN,UNKNOWN,GO,Brasil,OFFICIAL_COMPETITIVE,True,HIGH,HIGH,HIGH,HIGH,LOW,Futebol80,1654,1654.0,https://www.futebol80.com.br/links/times/goias/goiasjg.htm,,,,,historical_futebol80,Estádio Serra Dourada,Goiânia,MEDIUM,"INFERIDO, não confirmado. Mandante: Goiás (fonte: CSV (goias_is_home)). Em 1985 (Campeonato Goiano), todos os 4 jogos do Goiás como mandante com estádio confirmado foram em Estádio Serra Dourada (hist-f80-1658, hist-f80-1659, hist-f80-1672, hist-f80-1680).",UNKNOWN
hist-f80-1655,1985,1985-06-22,22/jun/1985,DAY,UNKNOWN,PLAYED,True,Campeonato Goiano,GOIANO,Goiano,,,Goiás,Nacional de Itumbiara-GO,Nacional de Itumbiara-GO,True,False,5.0,0.0,5.0,0.0,5 x 0,W,UNKNOWN,UNKNOWN,GO,Brasil,OFFICIAL_COMPETITIVE,True,HIGH,HIGH,HIGH,HIGH,LOW,Futebol80,1655,1655.0,https://www.futebol80.com.br/links/times/goias/goiasjg.htm,,,,,historical_futebol80,Estádio Serra Dourada,Goiânia,MEDIUM,"INFERIDO, não confirmado. Mandante: Goiás (fonte: CSV (goias_is_home)). Em 1985 (Campeonato Goiano), todos os 4 jogos do Goiás como mandante com estádio confirmado foram em Estádio Serra Dourada (hist-f80-1658, hist-f80-1659, hist-f80-1672, hist-f80-1680).",UNKNOWN
hist-f80-1656,1985,1985-06-26,26/jun/1985,DAY,UNKNOWN,PLAYED,True,Campeonato Goiano,GOIANO,Goiano,,,Goiás,Goiatuba-GO,Goiatuba-GO,True,False,5.0,0.0,5.0,0.0,5 x 0,W,UNKNOWN,UNKNOWN,GO,Brasil,OFFICIAL_COMPETITIVE,True,HIGH,HIGH,HIGH,HIGH,LOW,Futebol80,1656,1656.0,https://www.futebol80.com.br/links/times/goias/goiasjg.htm,,,,,historical_futebol80,Estádio Serra Dourada,Goiânia,MEDIUM,"INFERIDO, não confirmado. Mandante: Goiás (fonte: CSV (goias_is_home)). Em 1985 (Campeonato Goiano), todos os 4 jogos do Goiás como mandante com estádio confirmado foram em Estádio Serra Dourada (hist-f80-1658, hist-f80-1659, hist-f80-1672, hist-f80-1680).",UNKNOWN
hist-f80-1657,1985,1985-06-29,29/jun/1985,DAY,UNKNOWN,PLAYED,True,Campeonato Goiano,GOIANO,Goiano,,,Itumbiara-GO,Goiás,Itumbiara-GO,False,False,0.0,0.0,0.0,0.0,0 x 0,D,UNKNOWN,UNKNOWN,GO,Brasil,OFFICIAL_COMPETITIVE,True,HIGH,HIGH,HIGH,HIGH,LOW,Futebol80,1657,1657.0,https://www.futebol80.com.br/links/times/goias/goiasjg.htm,,,,,historical_futebol80,,,,,UNKNOWN
hist-f80-1660,1985,1985-07-25,25/jul/1985,DAY,UNKNOWN,PLAYED,True,Campeonato Goiano,GOIANO,Goiano,,,Goiás,Anapolina-GO,Anapolina-GO,True,False,0.0,1.0,0.0,1.0,0 x 1,L,UNKNOWN,UNKNOWN,GO,Brasil,OFFICIAL_COMPETITIVE,True,HIGH,HIGH,HIGH,HIGH,LOW,Futebol80,1660,1660.0,https://www.futebol80.com.br/links/times/goias/goiasjg.htm,,,,,historical_futebol80,Estádio Serra Dourada,Goiânia,MEDIUM,"INFERIDO, não confirmado. Mandante: Goiás (fonte: CSV (goias_is_home)). Em 1985 (Campeonato Goiano), todos os 4 jogos do Goiás como mandante com estádio confirmado foram em Estádio Serra Dourada (hist-f80-1658, hist-f80-1659, hist-f80-1672, hist-f80-1680).",UNKNOWN
hist-f80-1661,1985,1985-07-28,28/jul/1985,DAY,UNKNOWN,PLAYED,True,Campeonato Goiano,GOIANO,Goiano,,,,,Monte Cristo-GO,,True,,,2.0,1.0,2 x 1,W,UNKNOWN,UNKNOWN,GO,Brasil,OFFICIAL_COMPETITIVE,True,HIGH,HIGH,HIGH,HIGH,LOW,Futebol80,1661,1661.0,https://www.futebol80.com.br/links/times/goias/goiasjg.htm,,,,,historical_futebol80,Estádio Serra Dourada,Goiânia,MEDIUM,"INFERIDO, não confirmado. Mandante: Goiás (fonte: FdG ficha 23039 (Goiás 2 x 1 Monte Cristo)). Em 1985 (Campeonato Goiano), todos os 4 jogos do Goiás como mandante com estádio confirmado foram em Estádio Serra Dourada (hist-f80-1658, hist-f80-1659, hist-f80-1672, hist-f80-1680).",UNKNOWN
hist-f80-1662,1985,1985-08-03,03/ago/1985,DAY,UNKNOWN,PLAYED,True,Campeonato Goiano,GOIANO,Goiano,,,Goiás,Itumbiara-GO,Itumbiara-GO,True,False,2.0,0.0,2.0,0.0,2 x 0,W,UNKNOWN,UNKNOWN,GO,Brasil,OFFICIAL_COMPETITIVE,True,HIGH,HIGH,HIGH,HIGH,LOW,Futebol80,1662,1662.0,https://www.futebol80.com.br/links/times/goias/goiasjg.htm,,,,,historical_futebol80,Estádio Serra Dourada,Goiânia,MEDIUM,"INFERIDO, não confirmado. Mandante: Goiás (fonte: CSV (goias_is_home)). Em 1985 (Campeonato Goiano), todos os 4 jogos do Goiás como mandante com estádio confirmado foram em Estádio Serra Dourada (hist-f80-1658, hist-f80-1659, hist-f80-1672, hist-f80-1680).",UNKNOWN
hist-f80-1663,1985,1985-08-10,10/ago/1985,DAY,UNKNOWN,PLAYED,True,Campeonato Goiano,GOIANO,Goiano,,,Goiatuba-GO,Goiás,Goiatuba-GO,False,False,0.0,1.0,1.0,0.0,1 x 0,W,UNKNOWN,UNKNOWN,GO,Brasil,OFFICIAL_COMPETITIVE,True,HIGH,HIGH,HIGH,HIGH,LOW,Futebol80,1663,1663.0,https://www.futebol80.com.br/links/times/goias/goiasjg.htm,,,,,historical_futebol80,,,,,UNKNOWN
hist-f80-1664,1985,1985-08-18,18/ago/1985,DAY,UNKNOWN,PLAYED,True,Campeonato Goiano,GOIANO,Goiano,,,Rio Verde-GO,Goiás,Rio Verde-GO,False,False,0.0,0.0,0.0,0.0,0 x 0,D,UNKNOWN,UNKNOWN,GO,Brasil,OFFICIAL_COMPETITIVE,True,HIGH,HIGH,HIGH,HIGH,LOW,Futebol80,1664,1664.0,https://www.futebol80.com.br/links/times/goias/goiasjg.htm,,,,,historical_futebol80,,,,,UNKNOWN
hist-f80-1665,1985,1985-08-25,25/ago/1985,DAY,UNKNOWN,PLAYED,True,Campeonato Goiano,GOIANO,Goiano,,,Nacional de Itumbiara-GO,Goiás,Nacional de Itumbiara-GO,False,False,0.0,3.0,3.0,0.0,3 x 0,W,UNKNOWN,UNKNOWN,GO,Brasil,OFFICIAL_COMPETITIVE,True,HIGH,HIGH,HIGH,HIGH,LOW,Futebol80,1665,1665.0,https://www.futebol80.com.br/links/times/goias/goiasjg.htm,,,,,historical_futebol80,,,,,UNKNOWN
hist-f80-1666,1985,1985-08-28,28/ago/1985,DAY,UNKNOWN,PLAYED,True,Campeonato Goiano,GOIANO,Goiano,,,Goiás,Anápolis-GO,Anápolis-GO,True,False,2.0,0.0,2.0,0.0,2 x 0,W,UNKNOWN,UNKNOWN,GO,Brasil,OFFICIAL_COMPETITIVE,True,HIGH,HIGH,HIGH,HIGH,LOW,Futebol80,1666,1666.0,https://www.futebol80.com.br/links/times/goias/goiasjg.htm,,,,,historical_futebol80,Estádio Serra Dourada,Goiânia,MEDIUM,"INFERIDO, não confirmado. Mandante: Goiás (fonte: CSV (goias_is_home)). Em 1985 (Campeonato Goiano), todos os 4 jogos do Goiás como mandante com estádio confirmado foram em Estádio Serra Dourada (hist-f80-1658, hist-f80-1659, hist-f80-1672, hist-f80-1680).",UNKNOWN
hist-f80-1667,1985,1985-09-01,01/set/1985,DAY,UNKNOWN,PLAYED,True,Campeonato Goiano,GOIANO,Goiano,,,,,Monte Cristo-GO,,True,,,4.0,0.0,4 x 0,W,UNKNOWN,UNKNOWN,GO,Brasil,OFFICIAL_COMPETITIVE,True,HIGH,HIGH,HIGH,HIGH,LOW,Futebol80,1667,1667.0,https://www.futebol80.com.br/links/times/goias/goiasjg.htm,,,,,historical_futebol80,Estádio Serra Dourada,Goiânia,MEDIUM,"INFERIDO, não confirmado. Mandante: Goiás (fonte: FdG ficha 23069 (Goiás 4 x 0 Monte Cristo)). Em 1985 (Campeonato Goiano), todos os 4 jogos do Goiás como mandante com estádio confirmado foram em Estádio Serra Dourada (hist-f80-1658, hist-f80-1659, hist-f80-1672, hist-f80-1680).",UNKNOWN
hist-f80-1668,1985,1985-09-08,08/set/1985,DAY,UNKNOWN,PLAYED,True,Campeonato Goiano,GOIANO,Goiano,,,,,Goiânia-GO,,True,,,2.0,1.0,2 x 1,W,UNKNOWN,UNKNOWN,GO,Brasil,OFFICIAL_COMPETITIVE,True,HIGH,HIGH,HIGH,HIGH,LOW,Futebol80,1668,1668.0,https://www.futebol80.com.br/links/times/goias/goiasjg.htm,,,,,historical_futebol80,Estádio Serra Dourada,Goiânia,MEDIUM,"INFERIDO, não confirmado. Mandante: Goiás (fonte: FdG ficha 23080 (Goiás 2 x 1 Goiânia)). Em 1985 (Campeonato Goiano), todos os 4 jogos do Goiás como mandante com estádio confirmado foram em Estádio Serra Dourada (hist-f80-1658, hist-f80-1659, hist-f80-1672, hist-f80-1680).",UNKNOWN
hist-f80-1669,1985,1985-09-15,15/set/1985,DAY,UNKNOWN,PLAYED,True,Campeonato Goiano,GOIANO,Goiano,,,Anapolina-GO,Goiás,Anapolina-GO,False,False,1.0,1.0,1.0,1.0,1 x 1,D,UNKNOWN,UNKNOWN,GO,Brasil,OFFICIAL_COMPETITIVE,True,HIGH,HIGH,HIGH,HIGH,LOW,Futebol80,1669,1669.0,https://www.futebol80.com.br/links/times/goias/goiasjg.htm,,,,,historical_futebol80,,,,,UNKNOWN
hist-f80-1671,1985,1985-09-25,25/set/1985,DAY,UNKNOWN,PLAYED,True,Campeonato Goiano,GOIANO,Goiano,,,Goiás,Ceres-GO,Ceres-GO,True,False,1.0,0.0,1.0,0.0,1 x 0,W,UNKNOWN,UNKNOWN,GO,Brasil,OFFICIAL_COMPETITIVE,True,HIGH,HIGH,HIGH,HIGH,LOW,Futebol80,1671,1671.0,https://www.futebol80.com.br/links/times/goias/goiasjg.htm,,,,,historical_futebol80,Estádio Serra Dourada,Goiânia,MEDIUM,"INFERIDO, não confirmado. Mandante: Goiás (fonte: CSV (goias_is_home)). Em 1985 (Campeonato Goiano), todos os 4 jogos do Goiás como mandante com estádio confirmado foram em Estádio Serra Dourada (hist-f80-1658, hist-f80-1659, hist-f80-1672, hist-f80-1680).",UNKNOWN
hist-f80-1673,1985,1985-10-12,12/out/1985,DAY,UNKNOWN,PLAYED,True,Campeonato Goiano,GOIANO,Goiano,,,Goiás,Ceres-GO,Ceres-GO,True,False,2.0,0.0,2.0,0.0,2 x 0,W,UNKNOWN,UNKNOWN,GO,Brasil,OFFICIAL_COMPETITIVE,True,HIGH,HIGH,HIGH,HIGH,LOW,Futebol80,1673,1673.0,https://www.futebol80.com.br/links/times/goias/goiasjg.htm,,,,,historical_futebol80,Estádio Serra Dourada,Goiânia,MEDIUM,"INFERIDO, não confirmado. Mandante: Goiás (fonte: CSV (goias_is_home)). Em 1985 (Campeonato Goiano), todos os 4 jogos do Goiás como mandante com estádio confirmado foram em Estádio Serra Dourada (hist-f80-1658, hist-f80-1659, hist-f80-1672, hist-f80-1680).",UNKNOWN
hist-f80-1675,1985,1985-10-24,24/out/1985,DAY,UNKNOWN,PLAYED,True,Campeonato Goiano,GOIANO,Goiano,,,,,Goiânia-GO,,True,,,1.0,2.0,1 x 2,L,UNKNOWN,UNKNOWN,GO,Brasil,OFFICIAL_COMPETITIVE,True,HIGH,HIGH,HIGH,HIGH,LOW,Futebol80,1675,1675.0,https://www.futebol80.com.br/links/times/goias/goiasjg.htm,,,,,historical_futebol80,,,,,UNKNOWN
hist-f80-1676,1985,1985-10-27,27/out/1985,DAY,UNKNOWN,PLAYED,True,Campeonato Goiano,GOIANO,Goiano,,,Anapolina-GO,Goiás,Anapolina-GO,False,False,3.0,2.0,2.0,3.0,2 x 3,L,UNKNOWN,UNKNOWN,GO,Brasil,OFFICIAL_COMPETITIVE,True,HIGH,HIGH,HIGH,HIGH,LOW,Futebol80,1676,1676.0,https://www.futebol80.com.br/links/times/goias/goiasjg.htm,,,,,historical_futebol80,,,,,UNKNOWN
hist-f80-1678,1985,1985-11-10,10/nov/1985,DAY,UNKNOWN,PLAYED,True,Campeonato Goiano,GOIANO,Goiano,,,Ceres-GO,Goiás,Ceres-GO,False,False,0.0,0.0,0.0,0.0,0 x 0,D,UNKNOWN,UNKNOWN,GO,Brasil,OFFICIAL_COMPETITIVE,True,HIGH,HIGH,HIGH,HIGH,LOW,Futebol80,1678,1678.0,https://www.futebol80.com.br/links/times/goias/goiasjg.htm,,,,,historical_futebol80,,,,,UNKNOWN
hist-f80-1679,1985,1985-11-13,13/nov/1985,DAY,UNKNOWN,PLAYED,True,Campeonato Goiano,GOIANO,Goiano,,,,,Goiânia-GO,,True,,,0.0,0.0,0 x 0,D,UNKNOWN,UNKNOWN,GO,Brasil,OFFICIAL_COMPETITIVE,True,HIGH,HIGH,HIGH,HIGH,LOW,Futebol80,1679,1679.0,https://www.futebol80.com.br/links/times/goias/goiasjg.htm,,,,,historical_futebol80,,,,,UNKNOWN
hist-f80-1681,1985,1985-11-30,30/nov/1985,DAY,UNKNOWN,PLAYED,True,Campeonato Goiano,GOIANO,Goiano,,,Goiás,Anapolina-GO,Anapolina-GO,True,False,1.0,0.0,1.0,0.0,1 x 0,W,UNKNOWN,UNKNOWN,GO,Brasil,OFFICIAL_COMPETITIVE,True,HIGH,HIGH,HIGH,HIGH,LOW,Futebol80,1681,1681.0,https://www.futebol80.com.br/links/times/goias/goiasjg.htm,,,,,historical_futebol80,Estádio Serra Dourada,Goiânia,MEDIUM,"INFERIDO, não confirmado. Mandante: Goiás (fonte: CSV (goias_is_home)). Em 1985 (Campeonato Goiano), todos os 4 jogos do Goiás como mandante com estádio confirmado foram em Estádio Serra Dourada (hist-f80-1658, hist-f80-1659, hist-f80-1672, hist-f80-1680).",UNKNOWN
hist-f80-1687,1986,1986-02-23,23/fev/1986,DAY,UNKNOWN,PLAYED,True,Campeonato Goiano,GOIANO,Goiano,,,Itumbiara-GO,Goiás,Itumbiara-GO,False,False,0.0,2.0,2.0,0.0,2 x 0,W,UNKNOWN,UNKNOWN,GO,Brasil,OFFICIAL_COMPETITIVE,True,HIGH,HIGH,HIGH,HIGH,LOW,Futebol80,1687,1687.0,https://www.futebol80.com.br/links/times/goias/goiasjg.htm,,,,,historical_futebol80,,,,,UNKNOWN
hist-f80-1688,1986,1986-03-02,02/mar/1986,DAY,UNKNOWN,PLAYED,True,Campeonato Goiano,GOIANO,Goiano,,,,,Vila Nova-GO,,True,,,1.0,0.0,1 x 0,W,UNKNOWN,UNKNOWN,GO,Brasil,OFFICIAL_COMPETITIVE,True,HIGH,HIGH,HIGH,HIGH,LOW,Futebol80,1688,1688.0,https://www.futebol80.com.br/links/times/goias/goiasjg.htm,,,,,historical_futebol80,Estádio Serra Dourada,Goiânia,MEDIUM,"INFERIDO, não confirmado. Mandante: Goiás (fonte: FdG ficha 23170 (Goiás 1 x 0 Vila Nova)). Em 1986 (Campeonato Goiano), todos os 3 jogos do Goiás como mandante com estádio confirmado foram em Estádio Serra Dourada (hist-f80-1696, hist-f80-1719, hist-f80-1720).",UNKNOWN
hist-f80-1689,1986,1986-03-09,09/mar/1986,DAY,UNKNOWN,PLAYED,True,Campeonato Goiano,GOIANO,Goiano,,,,,Goiânia-GO,,True,,,2.0,1.0,2 x 1,W,UNKNOWN,UNKNOWN,GO,Brasil,OFFICIAL_COMPETITIVE,True,HIGH,HIGH,HIGH,HIGH,LOW,Futebol80,1689,1689.0,https://www.futebol80.com.br/links/times/goias/goiasjg.htm,,,,,historical_futebol80,Estádio Serra Dourada,Goiânia,MEDIUM,"INFERIDO, não confirmado. Mandante: Goiás (fonte: FdG ficha 23179 (Goiás 2 x 1 Goiânia)). Em 1986 (Campeonato Goiano), todos os 3 jogos do Goiás como mandante com estádio confirmado foram em Estádio Serra Dourada (hist-f80-1696, hist-f80-1719, hist-f80-1720).",UNKNOWN
hist-f80-1690,1986,1986-03-12,12/mar/1986,DAY,UNKNOWN,PLAYED,True,Campeonato Goiano,GOIANO,Goiano,,,Goiás,Goianésia-GO,Goianésia-GO,True,False,4.0,0.0,4.0,0.0,4 x 0,W,UNKNOWN,UNKNOWN,GO,Brasil,OFFICIAL_COMPETITIVE,True,HIGH,HIGH,HIGH,HIGH,LOW,Futebol80,1690,1690.0,https://www.futebol80.com.br/links/times/goias/goiasjg.htm,,,,,historical_futebol80,Estádio Serra Dourada,Goiânia,MEDIUM,"INFERIDO, não confirmado. Mandante: Goiás (fonte: CSV (goias_is_home)). Em 1986 (Campeonato Goiano), todos os 3 jogos do Goiás como mandante com estádio confirmado foram em Estádio Serra Dourada (hist-f80-1696, hist-f80-1719, hist-f80-1720).",UNKNOWN
hist-f80-1691,1986,1986-03-16,16/mar/1986,DAY,UNKNOWN,PLAYED,True,Campeonato Goiano,GOIANO,Goiano,,,Ceres-GO,Goiás,Ceres-GO,False,False,0.0,1.0,1.0,0.0,1 x 0,W,UNKNOWN,UNKNOWN,GO,Brasil,OFFICIAL_COMPETITIVE,True,HIGH,HIGH,HIGH,HIGH,LOW,Futebol80,1691,1691.0,https://www.futebol80.com.br/links/times/goias/goiasjg.htm,,,,,historical_futebol80,,,,,UNKNOWN
hist-f80-1692,1986,1986-03-19,19/mar/1986,DAY,UNKNOWN,PLAYED,True,Campeonato Goiano,GOIANO,Goiano,,,Anápolis-GO,Goiás,Anápolis-GO,False,False,2.0,1.0,1.0,2.0,1 x 2,L,UNKNOWN,UNKNOWN,GO,Brasil,OFFICIAL_COMPETITIVE,True,HIGH,HIGH,HIGH,HIGH,LOW,Futebol80,1692,1692.0,https://www.futebol80.com.br/links/times/goias/goiasjg.htm,,,,,historical_futebol80,,,,,UNKNOWN
hist-f80-1693,1986,1986-03-23,23/mar/1986,DAY,UNKNOWN,PLAYED,True,Campeonato Goiano,GOIANO,Goiano,,,Goiás,Anapolina-GO,Anapolina-GO,True,False,1.0,0.0,1.0,0.0,1 x 0,W,UNKNOWN,UNKNOWN,GO,Brasil,OFFICIAL_COMPETITIVE,True,HIGH,HIGH,HIGH,HIGH,LOW,Futebol80,1693,1693.0,https://www.futebol80.com.br/links/times/goias/goiasjg.htm,,,,,historical_futebol80,Estádio Serra Dourada,Goiânia,MEDIUM,"INFERIDO, não confirmado. Mandante: Goiás (fonte: CSV (goias_is_home)). Em 1986 (Campeonato Goiano), todos os 3 jogos do Goiás como mandante com estádio confirmado foram em Estádio Serra Dourada (hist-f80-1696, hist-f80-1719, hist-f80-1720).",UNKNOWN
hist-f80-1694,1986,1986-03-26,26/mar/1986,DAY,UNKNOWN,PLAYED,True,Campeonato Goiano,GOIANO,Goiano,,,Goiás,Rio Verde-GO,Rio Verde-GO,True,False,0.0,0.0,0.0,0.0,0 x 0,D,UNKNOWN,UNKNOWN,GO,Brasil,OFFICIAL_COMPETITIVE,True,HIGH,HIGH,HIGH,HIGH,LOW,Futebol80,1694,1694.0,https://www.futebol80.com.br/links/times/goias/goiasjg.htm,,,,,historical_futebol80,Estádio Serra Dourada,Goiânia,MEDIUM,"INFERIDO, não confirmado. Mandante: Goiás (fonte: CSV (goias_is_home)). Em 1986 (Campeonato Goiano), todos os 3 jogos do Goiás como mandante com estádio confirmado foram em Estádio Serra Dourada (hist-f80-1696, hist-f80-1719, hist-f80-1720).",UNKNOWN
hist-f80-1695,1986,1986-03-30,30/mar/1986,DAY,UNKNOWN,PLAYED,True,Campeonato Goiano,GOIANO,Goiano,,,América de Morrinhos-GO,Goiás,América de Morrinhos-GO,False,False,0.0,1.0,1.0,0.0,1 x 0,W,UNKNOWN,UNKNOWN,GO,Brasil,OFFICIAL_COMPETITIVE,True,HIGH,HIGH,HIGH,HIGH,LOW,Futebol80,1695,1695.0,https://www.futebol80.com.br/links/times/goias/goiasjg.htm,,,,,historical_futebol80,,,,,UNKNOWN
hist-f80-1697,1986,1986-04-10,10/abr/1986,DAY,UNKNOWN,PLAYED,True,Campeonato Goiano,GOIANO,Goiano,,,Goiás,Goiatuba-GO,Goiatuba-GO,True,False,1.0,1.0,1.0,1.0,1 x 1,D,UNKNOWN,UNKNOWN,GO,Brasil,OFFICIAL_COMPETITIVE,True,HIGH,HIGH,HIGH,HIGH,LOW,Futebol80,1697,1697.0,https://www.futebol80.com.br/links/times/goias/goiasjg.htm,,,,,historical_futebol80,Estádio Serra Dourada,Goiânia,MEDIUM,"INFERIDO, não confirmado. Mandante: Goiás (fonte: CSV (goias_is_home)). Em 1986 (Campeonato Goiano), todos os 3 jogos do Goiás como mandante com estádio confirmado foram em Estádio Serra Dourada (hist-f80-1696, hist-f80-1719, hist-f80-1720).",UNKNOWN
hist-f80-1698,1986,1986-04-13,13/abr/1986,DAY,UNKNOWN,PLAYED,True,Campeonato Goiano,GOIANO,Goiano,,,Rio Verde-GO,Goiás,Rio Verde-GO,False,False,1.0,1.0,1.0,1.0,1 x 1,D,UNKNOWN,UNKNOWN,GO,Brasil,OFFICIAL_COMPETITIVE,True,HIGH,HIGH,HIGH,HIGH,LOW,Futebol80,1698,1698.0,https://www.futebol80.com.br/links/times/goias/goiasjg.htm,,,,,historical_futebol80,,,,,UNKNOWN
hist-f80-1699,1986,1986-04-17,17/abr/1986,DAY,UNKNOWN,PLAYED,True,Campeonato Goiano,GOIANO,Goiano,,,Goiás,Anápolis-GO,Anápolis-GO,True,False,5.0,0.0,5.0,0.0,5 x 0,W,UNKNOWN,UNKNOWN,GO,Brasil,OFFICIAL_COMPETITIVE,True,HIGH,HIGH,HIGH,HIGH,LOW,Futebol80,1699,1699.0,https://www.futebol80.com.br/links/times/goias/goiasjg.htm,,,,,historical_futebol80,Estádio Serra Dourada,Goiânia,MEDIUM,"INFERIDO, não confirmado. Mandante: Goiás (fonte: CSV (goias_is_home)). Em 1986 (Campeonato Goiano), todos os 3 jogos do Goiás como mandante com estádio confirmado foram em Estádio Serra Dourada (hist-f80-1696, hist-f80-1719, hist-f80-1720).",UNKNOWN
hist-f80-1700,1986,1986-04-21,21/abr/1986,DAY,UNKNOWN,PLAYED,True,Campeonato Goiano,GOIANO,Goiano,,,Goiás,Ceres-GO,Ceres-GO,True,False,2.0,0.0,2.0,0.0,2 x 0,W,UNKNOWN,UNKNOWN,GO,Brasil,OFFICIAL_COMPETITIVE,True,HIGH,HIGH,HIGH,HIGH,LOW,Futebol80,1700,1700.0,https://www.futebol80.com.br/links/times/goias/goiasjg.htm,,,,,historical_futebol80,Estádio Serra Dourada,Goiânia,MEDIUM,"INFERIDO, não confirmado. Mandante: Goiás (fonte: CSV (goias_is_home)). Em 1986 (Campeonato Goiano), todos os 3 jogos do Goiás como mandante com estádio confirmado foram em Estádio Serra Dourada (hist-f80-1696, hist-f80-1719, hist-f80-1720).",UNKNOWN
hist-f80-1702,1986,1986-05-04,04/mai/1986,DAY,UNKNOWN,PLAYED,True,Campeonato Goiano,GOIANO,Goiano,,,Anapolina-GO,Goiás,Anapolina-GO,False,False,1.0,2.0,2.0,1.0,2 x 1,W,UNKNOWN,UNKNOWN,GO,Brasil,OFFICIAL_COMPETITIVE,True,HIGH,HIGH,HIGH,HIGH,LOW,Futebol80,1702,1702.0,https://www.futebol80.com.br/links/times/goias/goiasjg.htm,,,,,historical_futebol80,,,,,UNKNOWN
hist-f80-1703,1986,1986-05-11,11/mai/1986,DAY,UNKNOWN,PLAYED,True,Campeonato Goiano,GOIANO,Goiano,,,,,Goiânia-GO,,True,,,0.0,0.0,0 x 0,D,UNKNOWN,UNKNOWN,GO,Brasil,OFFICIAL_COMPETITIVE,True,HIGH,HIGH,HIGH,HIGH,LOW,Futebol80,1703,1703.0,https://www.futebol80.com.br/links/times/goias/goiasjg.htm,,,,,historical_futebol80,Estádio Serra Dourada,Goiânia,MEDIUM,"INFERIDO, não confirmado. Mandante: Goiás (fonte: FdG ficha 23265 (Goiás 0 x 0 Goiânia)). Em 1986 (Campeonato Goiano), todos os 3 jogos do Goiás como mandante com estádio confirmado foram em Estádio Serra Dourada (hist-f80-1696, hist-f80-1719, hist-f80-1720).",UNKNOWN
hist-f80-1704,1986,1986-05-14,14/mai/1986,DAY,UNKNOWN,PLAYED,True,Campeonato Goiano,GOIANO,Goiano,,,Goiás,América de Morrinhos-GO,América de Morrinhos-GO,True,False,5.0,0.0,5.0,0.0,5 x 0,W,UNKNOWN,UNKNOWN,GO,Brasil,OFFICIAL_COMPETITIVE,True,HIGH,HIGH,HIGH,HIGH,LOW,Futebol80,1704,1704.0,https://www.futebol80.com.br/links/times/goias/goiasjg.htm,,,,,historical_futebol80,Estádio Serra Dourada,Goiânia,MEDIUM,"INFERIDO, não confirmado. Mandante: Goiás (fonte: CSV (goias_is_home)). Em 1986 (Campeonato Goiano), todos os 3 jogos do Goiás como mandante com estádio confirmado foram em Estádio Serra Dourada (hist-f80-1696, hist-f80-1719, hist-f80-1720).",UNKNOWN
hist-f80-1705,1986,1986-05-18,18/mai/1986,DAY,UNKNOWN,PLAYED,True,Campeonato Goiano,GOIANO,Goiano,,,Goianésia-GO,Goiás,Goianésia-GO,False,False,0.0,1.0,1.0,0.0,1 x 0,W,UNKNOWN,UNKNOWN,GO,Brasil,OFFICIAL_COMPETITIVE,True,HIGH,HIGH,HIGH,HIGH,LOW,Futebol80,1705,1705.0,https://www.futebol80.com.br/links/times/goias/goiasjg.htm,,,,,historical_futebol80,,,,,UNKNOWN
hist-f80-1706,1986,1986-05-21,21/mai/1986,DAY,UNKNOWN,PLAYED,True,Campeonato Goiano,GOIANO,Goiano,,,Goiás,Itumbiara-GO,Itumbiara-GO,True,False,0.0,0.0,0.0,0.0,0 x 0,D,UNKNOWN,UNKNOWN,GO,Brasil,OFFICIAL_COMPETITIVE,True,HIGH,HIGH,HIGH,HIGH,LOW,Futebol80,1706,1706.0,https://www.futebol80.com.br/links/times/goias/goiasjg.htm,,,,,historical_futebol80,Estádio Serra Dourada,Goiânia,MEDIUM,"INFERIDO, não confirmado. Mandante: Goiás (fonte: CSV (goias_is_home)). Em 1986 (Campeonato Goiano), todos os 3 jogos do Goiás como mandante com estádio confirmado foram em Estádio Serra Dourada (hist-f80-1696, hist-f80-1719, hist-f80-1720).",UNKNOWN
hist-f80-1707,1986,1986-05-25,25/mai/1986,DAY,UNKNOWN,PLAYED,True,Campeonato Goiano,GOIANO,Goiano,,,Goiatuba-GO,Goiás,Goiatuba-GO,False,False,1.0,2.0,2.0,1.0,2 x 1,W,UNKNOWN,UNKNOWN,GO,Brasil,OFFICIAL_COMPETITIVE,True,HIGH,HIGH,HIGH,HIGH,LOW,Futebol80,1707,1707.0,https://www.futebol80.com.br/links/times/goias/goiasjg.htm,,,,,historical_futebol80,,,,,UNKNOWN
hist-f80-1708,1986,1986-05-28,28/mai/1986,DAY,UNKNOWN,PLAYED,True,Campeonato Goiano,GOIANO,Goiano,,,,,Atlético-GO,,True,,,1.0,0.0,1 x 0,W,UNKNOWN,UNKNOWN,GO,Brasil,OFFICIAL_COMPETITIVE,True,HIGH,HIGH,HIGH,HIGH,LOW,Futebol80,1708,1708.0,https://www.futebol80.com.br/links/times/goias/goiasjg.htm,,,,,historical_futebol80,Estádio Serra Dourada,Goiânia,MEDIUM,"INFERIDO, não confirmado. Mandante: Goiás (fonte: FdG ficha 23285 (Goiás 1 x 0 Atlético)). Em 1986 (Campeonato Goiano), todos os 3 jogos do Goiás como mandante com estádio confirmado foram em Estádio Serra Dourada (hist-f80-1696, hist-f80-1719, hist-f80-1720).",UNKNOWN
hist-f80-1711,1986,1986-07-06,06/jul/1986,DAY,UNKNOWN,PLAYED,True,Campeonato Goiano,GOIANO,Goiano,,,,,Vila Nova-GO,,True,,,1.0,1.0,1 x 1,D,UNKNOWN,UNKNOWN,GO,Brasil,OFFICIAL_COMPETITIVE,True,HIGH,HIGH,HIGH,HIGH,LOW,Futebol80,1711,1711.0,https://www.futebol80.com.br/links/times/goias/goiasjg.htm,,,,,historical_futebol80,Estádio Serra Dourada,Goiânia,MEDIUM,"INFERIDO, não confirmado. Mandante: Goiás (fonte: FdG ficha 23294 (Goiás 1 x 1 Vila Nova)). Em 1986 (Campeonato Goiano), todos os 3 jogos do Goiás como mandante com estádio confirmado foram em Estádio Serra Dourada (hist-f80-1696, hist-f80-1719, hist-f80-1720).",UNKNOWN
hist-f80-1712,1986,1986-07-09,09/jul/1986,DAY,UNKNOWN,PLAYED,True,Campeonato Goiano,GOIANO,Goiano,,,Rio Verde-GO,Goiás,Rio Verde-GO,False,False,0.0,0.0,0.0,0.0,0 x 0,D,UNKNOWN,UNKNOWN,GO,Brasil,OFFICIAL_COMPETITIVE,True,HIGH,HIGH,HIGH,HIGH,LOW,Futebol80,1712,1712.0,https://www.futebol80.com.br/links/times/goias/goiasjg.htm,,,,,historical_futebol80,,,,,UNKNOWN
hist-f80-1713,1986,1986-07-13,13/jul/1986,DAY,UNKNOWN,PLAYED,True,Campeonato Goiano,GOIANO,Goiano,,,Anápolis-GO,Goiás,Anápolis-GO,False,False,0.0,1.0,1.0,0.0,1 x 0,W,UNKNOWN,UNKNOWN,GO,Brasil,OFFICIAL_COMPETITIVE,True,HIGH,HIGH,HIGH,HIGH,LOW,Futebol80,1713,1713.0,https://www.futebol80.com.br/links/times/goias/goiasjg.htm,,,,,historical_futebol80,,,,,UNKNOWN
hist-f80-1714,1986,1986-07-16,16/jul/1986,DAY,UNKNOWN,PLAYED,True,Campeonato Goiano,GOIANO,Goiano,,,Goiás,Itumbiara-GO,Itumbiara-GO,True,False,2.0,0.0,2.0,0.0,2 x 0,W,UNKNOWN,UNKNOWN,GO,Brasil,OFFICIAL_COMPETITIVE,True,HIGH,HIGH,HIGH,HIGH,LOW,Futebol80,1714,1714.0,https://www.futebol80.com.br/links/times/goias/goiasjg.htm,,,,,historical_futebol80,Estádio Serra Dourada,Goiânia,MEDIUM,"INFERIDO, não confirmado. Mandante: Goiás (fonte: CSV (goias_is_home)). Em 1986 (Campeonato Goiano), todos os 3 jogos do Goiás como mandante com estádio confirmado foram em Estádio Serra Dourada (hist-f80-1696, hist-f80-1719, hist-f80-1720).",UNKNOWN
hist-f80-1716,1986,1986-07-23,23/jul/1986,DAY,UNKNOWN,PLAYED,True,Campeonato Goiano,GOIANO,Goiano,,,Goiás,Rio Verde-GO,Rio Verde-GO,True,False,4.0,2.0,4.0,2.0,4 x 2,W,UNKNOWN,UNKNOWN,GO,Brasil,OFFICIAL_COMPETITIVE,True,HIGH,HIGH,HIGH,HIGH,LOW,Futebol80,1716,1716.0,https://www.futebol80.com.br/links/times/goias/goiasjg.htm,,,,,historical_futebol80,Estádio Serra Dourada,Goiânia,MEDIUM,"INFERIDO, não confirmado. Mandante: Goiás (fonte: CSV (goias_is_home)). Em 1986 (Campeonato Goiano), todos os 3 jogos do Goiás como mandante com estádio confirmado foram em Estádio Serra Dourada (hist-f80-1696, hist-f80-1719, hist-f80-1720).",UNKNOWN
hist-f80-1717,1986,1986-07-27,27/jul/1986,DAY,UNKNOWN,PLAYED,True,Campeonato Goiano,GOIANO,Goiano,,,Itumbiara-GO,Goiás,Itumbiara-GO,False,False,1.0,0.0,0.0,1.0,0 x 1,L,UNKNOWN,UNKNOWN,GO,Brasil,OFFICIAL_COMPETITIVE,True,HIGH,HIGH,HIGH,HIGH,LOW,Futebol80,1717,1717.0,https://www.futebol80.com.br/links/times/goias/goiasjg.htm,,,,,historical_futebol80,,,,,UNKNOWN
hist-f80-1718,1986,1986-07-30,30/jul/1986,DAY,UNKNOWN,PLAYED,True,Campeonato Goiano,GOIANO,Goiano,,,Goiás,Anápolis-GO,Anápolis-GO,True,False,3.0,0.0,3.0,0.0,3 x 0,W,UNKNOWN,UNKNOWN,GO,Brasil,OFFICIAL_COMPETITIVE,True,HIGH,HIGH,HIGH,HIGH,LOW,Futebol80,1718,1718.0,https://www.futebol80.com.br/links/times/goias/goiasjg.htm,,,,,historical_futebol80,Estádio Serra Dourada,Goiânia,MEDIUM,"INFERIDO, não confirmado. Mandante: Goiás (fonte: CSV (goias_is_home)). Em 1986 (Campeonato Goiano), todos os 3 jogos do Goiás como mandante com estádio confirmado foram em Estádio Serra Dourada (hist-f80-1696, hist-f80-1719, hist-f80-1720).",UNKNOWN
hist-f80-1766,1987,1987-06-27,27/jun/1987,DAY,UNKNOWN,PLAYED,True,Campeonato Goiano,GOIANO,Goiano,,,Goiás,Goiatuba-GO,Goiatuba-GO,True,False,1.0,0.0,1.0,0.0,1 x 0,W,UNKNOWN,UNKNOWN,GO,Brasil,OFFICIAL_COMPETITIVE,True,HIGH,HIGH,HIGH,HIGH,LOW,Futebol80,1766,1766.0,https://www.futebol80.com.br/links/times/goias/goiasjg.htm,,,,,historical_futebol80,Estádio Serra Dourada,Goiânia,MEDIUM,"INFERIDO, não confirmado. Mandante: Goiás (fonte: CSV (goias_is_home)). Em 1987 (Campeonato Goiano), todos os 10 jogos do Goiás como mandante com estádio confirmado foram em Estádio Serra Dourada (hist-f80-1750, hist-f80-1752, hist-f80-1753, hist-f80-1756, hist-f80-1758, hist-f80-1762, hist-f80-1763, hist-f80-1765, hist-f80-1768, hist-f80-1770).",UNKNOWN
hist-f80-2169,1993,1993-07-04,04/jul/1993,DAY,UNKNOWN,PLAYED,True,Campeonato Goiano,GOIANO,Goiano,,,,,Goiânia-GO,,True,,,0.0,2.0,0 x 2,L,UNKNOWN,UNKNOWN,GO,Brasil,OFFICIAL_COMPETITIVE,True,HIGH,HIGH,HIGH,HIGH,LOW,Futebol80,2169,2169.0,https://www.futebol80.com.br/links/times/goias/goiasjg.htm,,,,,historical_futebol80,Estádio Serra Dourada,Goiânia,MEDIUM,"INFERIDO, não confirmado. Mandante: Goiás (fonte: FdG ficha 24946 (Goiás 0 x 2 Goiânia)). Em 1993 (Campeonato Goiano), todos os 16 jogos do Goiás como mandante com estádio confirmado foram em Estádio Serra Dourada (hist-f80-2130, hist-f80-2131, hist-f80-2134, hist-f80-2137, hist-f80-2138, hist-f80-2139, hist-f80-2140, hist-f80-2142, hist-f80-2150, hist-f80-2152, hist-f80-2153, hist-f80-2161, hist-f80-2164, hist-f80-2165, hist-f80-2167, hist-f80-2174).",UNKNOWN
hist-f80-2172,1993,1993-07-18,18/jul/1993,DAY,UNKNOWN,PLAYED,True,Campeonato Goiano,GOIANO,Goiano,,,Mineiros-GO,Goiás,Mineiros-GO,False,False,2.0,2.0,2.0,2.0,2 x 2,D,UNKNOWN,UNKNOWN,GO,Brasil,OFFICIAL_COMPETITIVE,True,HIGH,HIGH,HIGH,HIGH,LOW,Futebol80,2172,2172.0,https://www.futebol80.com.br/links/times/goias/goiasjg.htm,,,,,historical_futebol80,,,,,UNKNOWN
hist-f80-2246,1994,1994-09-04,04/set/1994,DAY,UNKNOWN,PLAYED,True,Campeonato Goiano,GOIANO,Goiano,,,,,Atlético-GO,,True,,,3.0,2.0,3 x 2,W,UNKNOWN,UNKNOWN,GO,Brasil,OFFICIAL_COMPETITIVE,True,HIGH,HIGH,HIGH,HIGH,LOW,Futebol80,2246,2246.0,https://www.futebol80.com.br/links/times/goias/goiasjg.htm,,,,,historical_futebol80,Estádio Serra Dourada,Goiânia,MEDIUM,"INFERIDO, não confirmado. Mandante: Goiás (fonte: FdG ficha 25263 (Goiás 3 x 2 Atlético)). Em 1994 (Campeonato Goiano), todos os 18 jogos do Goiás como mandante com estádio confirmado foram em Estádio Serra Dourada (hist-f80-2206, hist-f80-2209, hist-f80-2210, hist-f80-2212, hist-f80-2214, hist-f80-2215, hist-f80-2217, hist-f80-2218, hist-f80-2219, hist-f80-2221, hist-f80-2222, hist-f80-2224, hist-f80-2225, hist-f80-2228, hist-f80-2230, hist-f80-2242, hist-f80-2254, hist-f80-2270).",UNKNOWN
hist-f80-2295,1995,1995-05-07,07/mai/1995,DAY,UNKNOWN,PLAYED,True,Campeonato Goiano,GOIANO,Goiano,,,Caldas-GO,Goiás,Caldas-GO,False,False,2.0,1.0,1.0,2.0,1 x 2,L,UNKNOWN,UNKNOWN,GO,Brasil,OFFICIAL_COMPETITIVE,True,HIGH,HIGH,HIGH,HIGH,LOW,Futebol80,2295,2295.0,https://www.futebol80.com.br/links/times/goias/goiasjg.htm,,,,,historical_futebol80,,,,,UNKNOWN
hist-f80-2297,1995,1995-05-17,17/mai/1995,DAY,UNKNOWN,PLAYED,True,Campeonato Goiano,GOIANO,Goiano,,,Jataiense-GO,Goiás,Jataiense-GO,False,False,1.0,1.0,1.0,1.0,1 x 1,D,UNKNOWN,UNKNOWN,GO,Brasil,OFFICIAL_COMPETITIVE,True,HIGH,HIGH,HIGH,HIGH,LOW,Futebol80,2297,2297.0,https://www.futebol80.com.br/links/times/goias/goiasjg.htm,,,,,historical_futebol80,,,,,UNKNOWN
hist-f80-2299,1995,1995-05-24,24/mai/1995,DAY,UNKNOWN,PLAYED,True,Campeonato Goiano,GOIANO,Goiano,,,Anápolis-GO,Goiás,Anápolis-GO,False,False,2.0,1.0,1.0,2.0,1 x 2,L,UNKNOWN,UNKNOWN,GO,Brasil,OFFICIAL_COMPETITIVE,True,HIGH,HIGH,HIGH,HIGH,LOW,Futebol80,2299,2299.0,https://www.futebol80.com.br/links/times/goias/goiasjg.htm,,,,,historical_futebol80,,,,,UNKNOWN
hist-f80-2302,1995,1995-06-04,04/jun/1995,DAY,UNKNOWN,PLAYED,True,Campeonato Goiano,GOIANO,Goiano,,,,,Vila Nova-GO,,True,,,3.0,2.0,3 x 2,W,UNKNOWN,UNKNOWN,GO,Brasil,OFFICIAL_COMPETITIVE,True,HIGH,HIGH,HIGH,HIGH,LOW,Futebol80,2302,2302.0,https://www.futebol80.com.br/links/times/goias/goiasjg.htm,,,,,historical_futebol80,,,,,UNKNOWN
hist-f80-2305,1995,1995-06-15,15/jun/1995,DAY,UNKNOWN,PLAYED,True,Campeonato Goiano,GOIANO,Goiano,,,Goiatuba-GO,Goiás,Goiatuba-GO,False,False,1.0,1.0,1.0,1.0,1 x 1,D,UNKNOWN,UNKNOWN,GO,Brasil,OFFICIAL_COMPETITIVE,True,HIGH,HIGH,HIGH,HIGH,LOW,Futebol80,2305,2305.0,https://www.futebol80.com.br/links/times/goias/goiasjg.htm,,,,,historical_futebol80,,,,,UNKNOWN
hist-f80-2306,1995,1995-06-18,18/jun/1995,DAY,UNKNOWN,PLAYED,True,Campeonato Goiano,GOIANO,Goiano,,,CRAC-GO,Goiás,CRAC-GO,False,False,2.0,1.0,1.0,2.0,1 x 2,L,UNKNOWN,UNKNOWN,GO,Brasil,OFFICIAL_COMPETITIVE,True,HIGH,HIGH,HIGH,HIGH,LOW,Futebol80,2306,2306.0,https://www.futebol80.com.br/links/times/goias/goiasjg.htm,,,,,historical_futebol80,Estádio Genervino da Fonseca,Catalão,MEDIUM,"INFERIDO, não confirmado. Mandante: CRAC-GO (fonte: CSV (goias_is_home)). Em 1995 (Campeonato Goiano), todos os 2 jogos com CRAC-GO como mandante contra o Goiás com estádio confirmado foram em Estádio Genervino da Fonseca (hist-f80-2273, hist-f80-2294).",UNKNOWN
hist-f80-2309,1995,1995-07-02,02/jul/1995,DAY,UNKNOWN,PLAYED,True,Campeonato Goiano,GOIANO,Goiano,,,Goiatuba-GO,Goiás,Goiatuba-GO,False,False,2.0,0.0,0.0,2.0,0 x 2,L,UNKNOWN,UNKNOWN,GO,Brasil,OFFICIAL_COMPETITIVE,True,HIGH,HIGH,HIGH,HIGH,LOW,Futebol80,2309,2309.0,https://www.futebol80.com.br/links/times/goias/goiasjg.htm,,,,,historical_futebol80,,,,,UNKNOWN
