raw_venue_name,raw_venue_city,rows,canonical_id,canonical_name,canonical_city,needs_review,note
Estádio Vivaldo Lima (Vivaldão),Manaus,2,am-vivaldao,Estádio Vivaldo Lima (Vivaldão),Manaus,,
Vivaldão,Manaus,1,am-vivaldao,Estádio Vivaldo Lima (Vivaldão),Manaus,,
Estádio Municipal Glicério de Souza Marques (Glicerão),Macapá,1,ap-glicerao,Estádio Municipal Glicério de Souza Marques (Glicerão),Macapá,,
Glicerão,Macapá,1,ap-glicerao,Estádio Municipal Glicério de Souza Marques (Glicerão),Macapá,,
Albertão,Teresina,1,auto-albertao,Albertão,Teresina,,Sem alias conhecido; canônico = o próprio nome.
Arapucão,Jataí,2,auto-arapucao,Arapucão,Jataí,,Sem alias conhecido; canônico = o próprio nome.
Arena Barueri,Barueri,7,auto-arena-barueri,Arena Barueri,Barueri,,Sem alias conhecido; canônico = o próprio nome.
Arena Condá,Chapecó,5,auto-arena-conda,Arena Condá,Chapecó,,Sem alias conhecido; canônico = o próprio nome.
Arena da Amazônia,Manaus,2,auto-arena-da-amazonia,Arena da Amazônia,Manaus,,Sem alias conhecido; canônico = o próprio nome.
Arena de Pernambuco,São Lourenço da Mata,4,auto-arena-de-pernambuco,Arena de Pernambuco,São Lourenço da Mata,,Sem alias conhecido; canônico = o próprio nome.
Arena do Grêmio,Porto Alegre,7,auto-arena-do-gremio,Arena do Grêmio,Porto Alegre,,Sem alias conhecido; canônico = o próprio nome.
Arena do Jacaré,Sete Lagoas,4,auto-arena-do-jacare,Arena do Jacaré,Sete Lagoas,,Sem alias conhecido; canônico = o próprio nome.
Arena Joinville,Joinville,3,auto-arena-joinville,Arena Joinville,Joinville,,Sem alias conhecido; canônico = o próprio nome.
Arena MRV,Belo Horizonte,1,auto-arena-mrv,Arena MRV,Belo Horizonte,,Sem alias conhecido; canônico = o próprio nome.
Arena Pantanal,Cuiabá,9,auto-arena-pantanal,Arena Pantanal,Cuiabá,,Sem alias conhecido; canônico = o próprio nome.
Ary de Oliveira e Souza,UNKNOWN,1,auto-ary-de-oliveira-e-souza,Ary de Oliveira e Souza,UNKNOWN,,Sem alias conhecido; canônico = o próprio nome.
Ary de Oliveira e Souza,Campos dos Goytacazes,1,auto-ary-de-oliveira-e-souza,Ary de Oliveira e Souza,Campos dos Goytacazes,,Sem alias conhecido; canônico = o próprio nome.
Augusto Bauer,Brusque,1,auto-augusto-bauer,Augusto Bauer,Brusque,,Sem alias conhecido; canônico = o próprio nome.
Avenida Goiás,Ceres,1,auto-avenida-goias,Avenida Goiás,Ceres,,Sem alias conhecido; canônico = o próprio nome.
Barão de Serra Negra,Piracicaba,1,auto-barao-de-serra-negra,Barão de Serra Negra,Piracicaba,,Sem alias conhecido; canônico = o próprio nome.
Barão de Serra Negra,UNKNOWN,1,auto-barao-de-serra-negra,Barão de Serra Negra,UNKNOWN,,Sem alias conhecido; canônico = o próprio nome.
Batistão,Aracaju,2,auto-batistao,Batistão,Aracaju,,Sem alias conhecido; canônico = o próprio nome.
Bichinho Vieira,Quirinópolis,6,auto-bichinho-vieira,Bichinho Vieira,Quirinópolis,,Sem alias conhecido; canônico = o próprio nome.
Boulanger Pucci,Uberaba,1,auto-boulanger-pucci,Boulanger Pucci,Uberaba,,Sem alias conhecido; canônico = o próprio nome.
Campo de Pires do Rio,Pires do Rio,1,auto-campo-de-pires-do-rio,Campo de Pires do Rio,Pires do Rio,,Sem alias conhecido; canônico = o próprio nome.
Centenário,Caxias do Sul,1,auto-centenario,Centenário,Caxias do Sul,,Sem alias conhecido; canônico = o próprio nome.
Centro Olímpico,Ceres,3,auto-centro-olimpico,Centro Olímpico,Ceres,,Sem alias conhecido; canônico = o próprio nome.
Colina,Manaus,1,auto-colina,Colina,Manaus,,Sem alias conhecido; canônico = o próprio nome.
Do Goiazinho,Itumbiara,2,auto-do-goiazinho,Do Goiazinho,Itumbiara,,Sem alias conhecido; canônico = o próprio nome.
Dr. Ronaldo Junqueira (Ronaldão),UNKNOWN,1,auto-dr-ronaldo-junqueira-ronaldao,Dr. Ronaldo Junqueira (Ronaldão),UNKNOWN,,Sem alias conhecido; canônico = o próprio nome.
Durval Ferreira Franco,Ipameri,4,auto-durval-ferreira-franco,Durval Ferreira Franco,Ipameri,,Sem alias conhecido; canônico = o próprio nome.
Edgar Ferreira,Buriti Alegre,3,auto-edgar-ferreira,Edgar Ferreira,Buriti Alegre,,Sem alias conhecido; canônico = o próprio nome.
Edson Monteiro de Godói,Pires do Rio,3,auto-edson-monteiro-de-godoi,Edson Monteiro de Godói,Pires do Rio,,Sem alias conhecido; canônico = o próprio nome.
Elpídio Brandão,UNKNOWN,1,auto-elpidio-brandao,Elpídio Brandão,UNKNOWN,,Sem alias conhecido; canônico = o próprio nome.
Engenheiro Alencar de Araripe,UNKNOWN,1,auto-engenheiro-alencar-de-araripe,Engenheiro Alencar de Araripe,UNKNOWN,,Sem alias conhecido; canônico = o próprio nome.
Ernesto Schlemm Sobrinho (Ernestão),UNKNOWN,1,auto-ernesto-schlemm-sobrinho-ernestao,Ernesto Schlemm Sobrinho (Ernestão),UNKNOWN,,Sem alias conhecido; canônico = o próprio nome.
Estádio Abrão Manoel da Costa,Trindade,7,auto-estadio-abrao-manoel-da-costa,Estádio Abrão Manoel da Costa,Trindade,,Sem alias conhecido; canônico = o próprio nome.
Estádio Ademir Cunha,Paulista,1,auto-estadio-ademir-cunha,Estádio Ademir Cunha,Paulista,,Sem alias conhecido; canônico = o próprio nome.
Estadio Alejandro Serrano Aguilar,Cuenca,1,auto-estadio-alejandro-serrano-aguilar,Estadio Alejandro Serrano Aguilar,Cuenca,,Sem alias conhecido; canônico = o próprio nome.
Estádio Amintas de Freitas,Jaraguá,1,auto-estadio-amintas-de-freitas,Estádio Amintas de Freitas,Jaraguá,,Sem alias conhecido; canônico = o próprio nome.
Estádio Anacleto Campanella,São Caetano do Sul,6,auto-estadio-anacleto-campanella,Estádio Anacleto Campanella,São Caetano do Sul,,Sem alias conhecido; canônico = o próprio nome.
Estádio Aníbal Batista de Toledo,Aparecida de Goiânia,17,auto-estadio-anibal-batista-de-toledo,Estádio Aníbal Batista de Toledo,Aparecida de Goiânia,,Sem alias conhecido; canônico = o próprio nome.
Estádio Antônio Mariz (Marizão),Sousa,1,auto-estadio-antonio-mariz-marizao,Estádio Antônio Mariz (Marizão),Sousa,,Sem alias conhecido; canônico = o próprio nome.
Estádio Arapucão,Jataí,5,auto-estadio-arapucao,Estádio Arapucão,Jataí,,Sem alias conhecido; canônico = o próprio nome.
Estádio Bento Freitas,Pelotas,4,auto-estadio-bento-freitas,Estádio Bento Freitas,Pelotas,,Sem alias conhecido; canônico = o próprio nome.
Estádio Bruno José Daniel,Santo André,4,auto-estadio-bruno-jose-daniel,Estádio Bruno José Daniel,Santo André,,Sem alias conhecido; canônico = o próprio nome.
Estádio Carlos Zamith,Manaus,1,auto-estadio-carlos-zamith,Estádio Carlos Zamith,Manaus,,Sem alias conhecido; canônico = o próprio nome.
Estadio Centenario,Montevideo,1,auto-estadio-centenario,Estadio Centenario,Montevideo,,Sem alias conhecido; canônico = o próprio nome.
Estadio Centenario Dr. José Luis Meiszner,Quilmes,1,auto-estadio-centenario-dr-jose-luis-meiszner,Estadio Centenario Dr. José Luis Meiszner,Quilmes,,Sem alias conhecido; canônico = o próprio nome.
Estádio Cláudio Moacyr de Azevedo,Macaé,2,auto-estadio-claudio-moacyr-de-azevedo,Estádio Cláudio Moacyr de Azevedo,Macaé,,Sem alias conhecido; canônico = o próprio nome.
Estádio da Fazendinha,Ituiutaba,1,auto-estadio-da-fazendinha,Estádio da Fazendinha,Ituiutaba,,Sem alias conhecido; canônico = o próprio nome.
Estádio Dario Rodrigues Leite,Guaratinguetá,1,auto-estadio-dario-rodrigues-leite,Estádio Dario Rodrigues Leite,Guaratinguetá,,Sem alias conhecido; canônico = o próprio nome.
Estádio Dilzon Melo (Melão),Varginha,5,auto-estadio-dilzon-melo-melao,Estádio Dilzon Melo (Melão),Varginha,,Sem alias conhecido; canônico = o próprio nome.
Estádio do Vale,Novo Hamburgo,1,auto-estadio-do-vale,Estádio do Vale,Novo Hamburgo,,Sem alias conhecido; canônico = o próprio nome.
Estádio Durval Ferreira Franco,Ipameri,8,auto-estadio-durval-ferreira-franco,Estádio Durval Ferreira Franco,Ipameri,,Sem alias conhecido; canônico = o próprio nome.
Estadio El Coloso del Parque,Rosario,1,auto-estadio-el-coloso-del-parque,Estadio El Coloso del Parque,Rosario,,Sem alias conhecido; canônico = o próprio nome.
Estádio Elcyr Resende de Mendonça (Elcyrzão),Saquarema,1,auto-estadio-elcyr-resende-de-mendonca-elcyrzao,Estádio Elcyr Resende de Mendonça (Elcyrzão),Saquarema,,Sem alias conhecido; canônico = o próprio nome.
Estádio Etelvino Mendonça,Itabaiana,1,auto-estadio-etelvino-mendonca,Estádio Etelvino Mendonça,Itabaiana,,Sem alias conhecido; canônico = o próprio nome.
Estádio Fonte Luminosa,Araraquara,1,auto-estadio-fonte-luminosa,Estádio Fonte Luminosa,Araraquara,,Sem alias conhecido; canônico = o próprio nome.
Estádio Francisco José Ferreira (Ferreirão),Iporá,6,auto-estadio-francisco-jose-ferreira-ferreirao,Estádio Francisco José Ferreira (Ferreirão),Iporá,,Sem alias conhecido; canônico = o próprio nome.
Estadio General Pablo Rojas (La Nueva Olla),Asunción,1,auto-estadio-general-pablo-rojas-la-nueva-olla,Estadio General Pablo Rojas (La Nueva Olla),Asunción,,Sem alias conhecido; canônico = o próprio nome.
Estadio George Capwell,Guayaquil,1,auto-estadio-george-capwell,Estadio George Capwell,Guayaquil,,Sem alias conhecido; canônico = o próprio nome.
Estádio Germano Krüger,Ponta Grossa,3,auto-estadio-germano-kruger,Estádio Germano Krüger,Ponta Grossa,,Sem alias conhecido; canônico = o próprio nome.
Estádio Gigante do Itiberê,Paranaguá,1,auto-estadio-gigante-do-itibere,Estádio Gigante do Itiberê,Paranaguá,,Sem alias conhecido; canônico = o próprio nome.
Estádio Giulite Coutinho,Mesquita,1,auto-estadio-giulite-coutinho,Estádio Giulite Coutinho,Mesquita,,Sem alias conhecido; canônico = o próprio nome.
Estádio Godofredo Cruz,Campos dos Goytacazes,1,auto-estadio-godofredo-cruz,Estádio Godofredo Cruz,Campos dos Goytacazes,,Sem alias conhecido; canônico = o próprio nome.
Estádio Hercílio Luz,Itajaí,1,auto-estadio-hercilio-luz,Estádio Hercílio Luz,Itajaí,,Sem alias conhecido; canônico = o próprio nome.
Estadio Hernando Siles,La Paz,1,auto-estadio-hernando-siles,Estadio Hernando Siles,La Paz,,Sem alias conhecido; canônico = o próprio nome.
Estádio Jayme Cintra,Jundiaí,1,auto-estadio-jayme-cintra,Estádio Jayme Cintra,Jundiaí,,Sem alias conhecido; canônico = o próprio nome.
Estádio João Hora de Oliveira,Aracaju,1,auto-estadio-joao-hora-de-oliveira,Estádio João Hora de Oliveira,Aracaju,,Sem alias conhecido; canônico = o próprio nome.
Estádio Jorge Ismael de Biasi,Novo Horizonte,2,auto-estadio-jorge-ismael-de-biasi,Estádio Jorge Ismael de Biasi,Novo Horizonte,,Sem alias conhecido; canônico = o próprio nome.
Estadio Jorge Luis Hirschi,La Plata,1,auto-estadio-jorge-luis-hirschi,Estadio Jorge Luis Hirschi,La Plata,,Sem alias conhecido; canônico = o próprio nome.
Estádio José Maria de Campos Maia (Maião),Mirassol,1,auto-estadio-jose-maria-de-campos-maia-maiao,Estádio José Maria de Campos Maia (Maião),Mirassol,,Sem alias conhecido; canônico = o próprio nome.
Estádio José Nazareno do Nascimento (Nazarenão),Goianinha,1,auto-estadio-jose-nazareno-do-nascimento-nazarenao,Estádio José Nazareno do Nascimento (Nazarenão),Goianinha,,Sem alias conhecido; canônico = o próprio nome.
Estadio Juan Carmelo Zerillo,La Plata,1,auto-estadio-juan-carmelo-zerillo,Estadio Juan Carmelo Zerillo,La Plata,,Sem alias conhecido; canônico = o próprio nome.
Estadio Julio Humberto Grondona,Sarandí,1,auto-estadio-julio-humberto-grondona,Estadio Julio Humberto Grondona,Sarandí,,Sem alias conhecido; canônico = o próprio nome.
Estadio Libertadores de América,Avellaneda,1,auto-estadio-libertadores-de-america,Estadio Libertadores de América,Avellaneda,,Sem alias conhecido; canônico = o próprio nome.
Estadio Luis Alfonso Giagni,Villa Elisa,1,auto-estadio-luis-alfonso-giagni,Estadio Luis Alfonso Giagni,Villa Elisa,,Sem alias conhecido; canônico = o próprio nome.
Estádio Mauro Sampaio (Romeirão),Juazeiro do Norte,1,auto-estadio-mauro-sampaio-romeirao,Estádio Mauro Sampaio (Romeirão),Juazeiro do Norte,,Sem alias conhecido; canônico = o próprio nome.
Estadio Monumental U,Lima,1,auto-estadio-monumental-u,Estadio Monumental U,Lima,,Sem alias conhecido; canônico = o próprio nome.
Estádio Municipal Coaracy da Mata Fonseca,Arapiraca,3,auto-estadio-municipal-coaracy-da-mata-fonseca,Estádio Municipal Coaracy da Mata Fonseca,Arapiraca,,Sem alias conhecido; canônico = o próprio nome.
Estádio Municipal Radialista Mário Helênio,Juiz de Fora,2,auto-estadio-municipal-radialista-mario-helenio,Estádio Municipal Radialista Mário Helênio,Juiz de Fora,,Sem alias conhecido; canônico = o próprio nome.
Estádio Municipal Zinho de Oliveira,Marabá,1,auto-estadio-municipal-zinho-de-oliveira,Estádio Municipal Zinho de Oliveira,Marabá,,Sem alias conhecido; canônico = o próprio nome.
Estadio Nemesio Camacho El Campín,Bogotá,1,auto-estadio-nemesio-camacho-el-campin,Estadio Nemesio Camacho El Campín,Bogotá,,Sem alias conhecido; canônico = o próprio nome.
Estádio Olímpico Municipal,Jataí,2,auto-estadio-olimpico-municipal,Estádio Olímpico Municipal,Jataí,,Sem alias conhecido; canônico = o próprio nome.
Estádio Onésio Brasileiro Alvarenga (OBA),Goiânia,9,auto-estadio-onesio-brasileiro-alvarenga-oba,Estádio Onésio Brasileiro Alvarenga (OBA),Goiânia,,Sem alias conhecido; canônico = o próprio nome.
Estádio Passo das Emas,Lucas do Rio Verde,3,auto-estadio-passo-das-emas,Estádio Passo das Emas,Lucas do Rio Verde,,Sem alias conhecido; canônico = o próprio nome.
Estádio Plínio José de Souza,Senador Canedo,3,auto-estadio-plinio-jose-de-souza,Estádio Plínio José de Souza,Senador Canedo,,Sem alias conhecido; canônico = o próprio nome.
Estádio Primeiro de Maio,São Bernardo do Campo,1,auto-estadio-primeiro-de-maio,Estádio Primeiro de Maio,São Bernardo do Campo,,Sem alias conhecido; canônico = o próprio nome.
Estádio Raimundo Ribeiro de Souza (Ribeirão),Boa Vista,1,auto-estadio-raimundo-ribeiro-de-souza-ribeirao,Estádio Raimundo Ribeiro de Souza (Ribeirão),Boa Vista,,Sem alias conhecido; canônico = o próprio nome.
Estádio Rei Pelé,Maceió,12,auto-estadio-rei-pele,Estádio Rei Pelé,Maceió,,Sem alias conhecido; canônico = o próprio nome.
Estádio Salvador Venâncio da Costa (Ninho das Águias),Vitória,1,auto-estadio-salvador-venancio-da-costa-ninho-das-aguia,Estádio Salvador Venâncio da Costa (Ninho das Águias),Vitória,,Sem alias conhecido; canônico = o próprio nome.
Estadio Santa Laura,Santiago,1,auto-estadio-santa-laura,Estadio Santa Laura,Santiago,,Sem alias conhecido; canônico = o próprio nome.
Estádio Sérgio Pereira,Minaçu,1,auto-estadio-sergio-pereira,Estádio Sérgio Pereira,Minaçu,,Sem alias conhecido; canônico = o próprio nome.
Estádio Serra de Caldas,Caldas Novas,4,auto-estadio-serra-de-caldas,Estádio Serra de Caldas,Caldas Novas,,Sem alias conhecido; canônico = o próprio nome.
Estádio Vitorino Gonçalves Dias (VGD),Londrina,1,auto-estadio-vitorino-goncalves-dias-vgd,Estádio Vitorino Gonçalves Dias (VGD),Londrina,,Sem alias conhecido; canônico = o próprio nome.
Estádio Walter Ribeiro (CIC),Sorocaba,1,auto-estadio-walter-ribeiro-cic,Estádio Walter Ribeiro (CIC),Sorocaba,,Sem alias conhecido; canônico = o próprio nome.
Estádio Willie Davids,Maringá,1,auto-estadio-willie-davids,Estádio Willie Davids,Maringá,,Sem alias conhecido; canônico = o próprio nome.
Getúlio Vargas (Presidente Vargas),Fortaleza,1,auto-getulio-vargas-presidente-vargas,Getúlio Vargas (Presidente Vargas),Fortaleza,,Sem alias conhecido; canônico = o próprio nome.
Gigante do Norte,Sinop,1,auto-gigante-do-norte,Gigante do Norte,Sinop,,Sem alias conhecido; canônico = o próprio nome.
Gilmar Alves,Bom Jesus de Goiás,2,auto-gilmar-alves,Gilmar Alves,Bom Jesus de Goiás,,Sem alias conhecido; canônico = o próprio nome.
Governador Bley,Vitória,1,auto-governador-bley,Governador Bley,Vitória,,Sem alias conhecido; canônico = o próprio nome.
Helenão,UNKNOWN,1,auto-helenao,Helenão,UNKNOWN,,Sem alias conhecido; canônico = o próprio nome.
Hermínio Ometto,UNKNOWN,2,auto-herminio-ometto,Hermínio Ometto,UNKNOWN,,Sem alias conhecido; canônico = o próprio nome.
Irani Ferreira,UNKNOWN,3,auto-irani-ferreira,Irani Ferreira,UNKNOWN,,Sem alias conhecido; canônico = o próprio nome.
Irani Ferreira,Anápolis,2,auto-irani-ferreira,Irani Ferreira,Anápolis,,Sem alias conhecido; canônico = o próprio nome.
Ítalo Del Cima,Rio de Janeiro,1,auto-italo-del-cima,Ítalo Del Cima,Rio de Janeiro,,Sem alias conhecido; canônico = o próprio nome.
João Vilela,Morrinhos,5,auto-joao-vilela,João Vilela,Morrinhos,,Sem alias conhecido; canônico = o próprio nome.
José de Deus Rissati,Ceres,2,auto-jose-de-deus-rissati,José de Deus Rissati,Ceres,,Sem alias conhecido; canônico = o próprio nome.
José de Melo,UNKNOWN,1,auto-jose-de-melo,José de Melo,UNKNOWN,,Sem alias conhecido; canônico = o próprio nome.
José Fragelli (Verdão),Cuiabá,1,auto-jose-fragelli-verdao,José Fragelli (Verdão),Cuiabá,,Sem alias conhecido; canônico = o próprio nome.
Juca Ribeiro,Uberlândia,2,auto-juca-ribeiro,Juca Ribeiro,Uberlândia,,Sem alias conhecido; canônico = o próprio nome.
Jutair Neto,São Luís de Montes Belos,1,auto-jutair-neto,Jutair Neto,São Luís de Montes Belos,,Sem alias conhecido; canônico = o próprio nome.
Laranjeiras,Rio de Janeiro,3,auto-laranjeiras,Laranjeiras,Rio de Janeiro,,Sem alias conhecido; canônico = o próprio nome.
Majestoso,Araxá,1,auto-majestoso,Majestoso,Araxá,,Sem alias conhecido; canônico = o próprio nome.
Major José Levy Sobrinho,UNKNOWN,1,auto-major-jose-levy-sobrinho,Major José Levy Sobrinho,UNKNOWN,,Sem alias conhecido; canônico = o próprio nome.
Mammoud Abbas,Governador Valadares,1,auto-mammoud-abbas,Mammoud Abbas,Governador Valadares,,Sem alias conhecido; canônico = o próprio nome.
Manoel Demóstenes,Anápolis,13,auto-manoel-demostenes,Manoel Demóstenes,Anápolis,,Sem alias conhecido; canônico = o próprio nome.
Manoel Demóstenes,UNKNOWN,4,auto-manoel-demostenes,Manoel Demóstenes,UNKNOWN,,Sem alias conhecido; canônico = o próprio nome.
Mário Alves Mendonça,São José do Rio Preto,1,auto-mario-alves-mendonca,Mário Alves Mendonça,São José do Rio Preto,,Sem alias conhecido; canônico = o próprio nome.
Mário Alves Mendonça,UNKNOWN,1,auto-mario-alves-mendonca,Mário Alves Mendonça,UNKNOWN,,Sem alias conhecido; canônico = o próprio nome.
Morenão,Campo Grande,4,auto-morenao,Morenão,Campo Grande,,Sem alias conhecido; canônico = o próprio nome.
Navegantão,Tucuruí,1,auto-navegantao,Navegantão,Tucuruí,,Sem alias conhecido; canônico = o próprio nome.
Olímpico Pedro Ludovico,UNKNOWN,3,auto-olimpico-pedro-ludovico,Olímpico Pedro Ludovico,UNKNOWN,,Sem alias conhecido; canônico = o próprio nome.
Paranaíba,Itumbiara,3,auto-paranaiba,Paranaíba,Itumbiara,,Sem alias conhecido; canônico = o próprio nome.
Pedro Pedrossian (Morenão),Campo Grande,2,auto-pedro-pedrossian-morenao,Pedro Pedrossian (Morenão),Campo Grande,,Sem alias conhecido; canônico = o próprio nome.
Pelezão,Guará,1,auto-pelezao,Pelezão,Guará,,Sem alias conhecido; canônico = o próprio nome.
Pouso Alto,Piracanjuba,1,auto-pouso-alto,Pouso Alto,Piracanjuba,,Sem alias conhecido; canônico = o próprio nome.
Prudentão,Presidente Prudente,1,auto-prudentao,Prudentão,Presidente Prudente,,Sem alias conhecido; canônico = o próprio nome.
Rei Pelé (Pelezão),UNKNOWN,1,auto-rei-pele-pelezao,Rei Pelé (Pelezão),UNKNOWN,,Sem alias conhecido; canônico = o próprio nome.
Serra do Lago,Luziânia,1,auto-serra-do-lago,Serra do Lago,Luziânia,,Sem alias conhecido; canônico = o próprio nome.
Tancredo Neves,Jataí,2,auto-tancredo-neves,Tancredo Neves,Jataí,,Sem alias conhecido; canônico = o próprio nome.
Verdão,Cuiabá,1,auto-verdao,Verdão,Cuiabá,,Sem alias conhecido; canônico = o próprio nome.
Zeca Puglise,Anápolis,1,auto-zeca-puglise,Zeca Puglise,Anápolis,,Sem alias conhecido; canônico = o próprio nome.
Estádio Manoel Barradas (Barradão),Salvador,13,ba-barradao,Estádio Manoel Barradas (Barradão),Salvador,,
Barradão,UNKNOWN,2,ba-barradao,Estádio Manoel Barradas (Barradão),Salvador,,
Fonte Nova,Salvador,9,ba-fonte-nova,Fonte Nova,Salvador,,
Arena Fonte Nova,Salvador,9,ba-fonte-nova,Fonte Nova,Salvador,,
Fonte Nova,UNKNOWN,4,ba-fonte-nova,Fonte Nova,Salvador,,
Estádio Octávio Mangabeira (Fonte Nova),Salvador,1,ba-fonte-nova,Fonte Nova,Salvador,,
Estádio Governador Plácido Aderaldo Castelo (Castelão),Fortaleza,19,ce-castelao,Estádio Governador Plácido Aderaldo Castelo (Castelão),Fortaleza,,
Castelão,Fortaleza,4,ce-castelao,Estádio Governador Plácido Aderaldo Castelo (Castelão),Fortaleza,,
Arena Castelão - CE,Fortaleza,2,ce-castelao,Estádio Governador Plácido Aderaldo Castelo (Castelão),Fortaleza,,
Presidente Vargas,UNKNOWN,1,ce-pv,Estádio Presidente Vargas,Fortaleza,,
PV - CE,Fortaleza,1,ce-pv,Estádio Presidente Vargas,Fortaleza,,
PV - CE,UNKNOWN,1,ce-pv,Estádio Presidente Vargas,Fortaleza,,
Estádio Presidente Vargas,Fortaleza,1,ce-pv,Estádio Presidente Vargas,Fortaleza,,
Estádio Walmir Campelo Bezerra (Bezerrão),Gama,3,df-bezerrao,Estádio Walmir Campelo Bezerra (Bezerrão),Gama,,
Bezerrão,Brasília,1,df-bezerrao,Estádio Walmir Campelo Bezerra (Bezerrão),Gama,YES,"Cidade bruta Brasília; o Bezerrão fica no Gama-DF. Conferir. Cidade bruta ""Brasília"" difere da canônica ""Gama""."
Estádio Nacional Mané Garrincha,Brasília,1,df-mane,Estádio Nacional Mané Garrincha,Brasília,,
Estádio Nacional de Brasília Mané Garrincha,Brasília,1,df-mane,Estádio Nacional Mané Garrincha,Brasília,,
Estádio Elmo Serejo Farias (Boca do Jacaré),Taguatinga,4,df-serejao,Estádio Elmo Serejo Farias (Serejão),Taguatinga,,
Estádio Elmo Serejo Farias (Serejão/Boca do Jacaré),Taguatinga,2,df-serejao,Estádio Elmo Serejo Farias (Serejão),Taguatinga,,
Boca do Jacaré,Taguatinga,1,df-serejao,Estádio Elmo Serejo Farias (Serejão),Taguatinga,,
Engenheiro Araripe,Cariacica,3,es-araripe,Estádio Engenheiro Araripe,Cariacica,,
Engenheiro Araripe,UNKNOWN,2,es-araripe,Estádio Engenheiro Araripe,Cariacica,,
Antônio Accioly,UNKNOWN,25,go-accioly,Estádio Antônio Accioly,Goiânia,,
Antônio Accioly,Goiânia,14,go-accioly,Estádio Antônio Accioly,Goiânia,,
Estádio Antônio Accioly,Goiânia,13,go-accioly,Estádio Antônio Accioly,Goiânia,,
Divino Garcia Rosa,Goiatuba,15,go-divino-garcia,Estádio Divino Garcia Rosa,Goiatuba,,
Divino Garcia Rosa,UNKNOWN,14,go-divino-garcia,Estádio Divino Garcia Rosa,Goiatuba,,
Estádio Divino Garcia Rosa,Goiatuba,4,go-divino-garcia,Estádio Divino Garcia Rosa,Goiatuba,,
Estádio Genervino da Fonseca,Catalão,20,go-genervino,Estádio Genervino da Fonseca,Catalão,,
Genervino da Fonseca,UNKNOWN,9,go-genervino,Estádio Genervino da Fonseca,Catalão,,
Genervino da Fonseca,Catalão,9,go-genervino,Estádio Genervino da Fonseca,Catalão,,
Jerônimo Fraga,UNKNOWN,4,go-jeronimo-fraga,Estádio Jerônimo Fraga,Jataí,,
Jerônimo Fraga,Jataí,3,go-jeronimo-fraga,Estádio Jerônimo Fraga,Jataí,,
JK,Itumbiara,32,go-jk-itumbiara,Estádio Municipal Juscelino Kubitschek,Itumbiara,,
Estádio Municipal Juscelino Kubitschek,Itumbiara,19,go-jk-itumbiara,Estádio Municipal Juscelino Kubitschek,Itumbiara,,
JK,UNKNOWN,1,go-jk-itumbiara,Estádio Municipal Juscelino Kubitschek,Itumbiara,YES,"""JK"" sem cidade: provável Itumbiara, conferir linha a linha."
Estádio João Vilela,Morrinhos,6,go-joao-vilela,Estádio João Vilela,Morrinhos,,
Centro Esportivo João Vilela,Morrinhos,5,go-joao-vilela,Estádio João Vilela,Morrinhos,,
Jonas Duarte,UNKNOWN,45,go-jonas-duarte,Estádio Jonas Duarte,Anápolis,,
Jonas Duarte,Anápolis,44,go-jonas-duarte,Estádio Jonas Duarte,Anápolis,,
Estádio Jonas Duarte,Anápolis,38,go-jonas-duarte,Estádio Jonas Duarte,Anápolis,,
Mozart Veloso do Carmo,Rio Verde,11,go-mozart-veloso,Estádio Mozart Veloso do Carmo,Rio Verde,,
Estádio Mozart Veloso do Carmo,Rio Verde,8,go-mozart-veloso,Estádio Mozart Veloso do Carmo,Rio Verde,,
Mozart Veloso do Carmo,UNKNOWN,1,go-mozart-veloso,Estádio Mozart Veloso do Carmo,Rio Verde,,
Odilon Flores,Mineiros,9,go-odilon-flores,Estádio Odilon Flores,Mineiros,,
Estádio Odilon Flores,Mineiros,4,go-odilon-flores,Estádio Odilon Flores,Mineiros,,
Olímpico,Goiânia,286,go-olimpico,Estádio Olímpico Pedro Ludovico Teixeira,Goiânia,,
Olímpico,UNKNOWN,226,go-olimpico,Estádio Olímpico Pedro Ludovico Teixeira,Goiânia,YES,"Todas as 226 linhas são do histórico (1943-1997). 225 = Olímpico de Goiânia. EXCEÇÃO POR LINHA: hist-f80-2406 (24/11/1996, Grêmio 3 x 1 Goiás, Goiás visitante) = rs-olimpico-monumental."
Estádio Olímpico Pedro Ludovico Teixeira,Goiânia,40,go-olimpico,Estádio Olímpico Pedro Ludovico Teixeira,Goiânia,,
Estádio da Avenida Paranaíba,Goiânia,8,go-olimpico,Estádio Olímpico Pedro Ludovico Teixeira,Goiânia,,
Estádio Olímpico,Goiânia,4,go-olimpico,Estádio Olímpico Pedro Ludovico Teixeira,Goiânia,,
Estádio Oficial Pedro Ludovico,Goiânia,3,go-olimpico,Estádio Olímpico Pedro Ludovico Teixeira,Goiânia,,
Estádio Dr. Pedro Ludovico,Goiânia,3,go-olimpico,Estádio Olímpico Pedro Ludovico Teixeira,Goiânia,,
Pedro Ludovico,Goiânia,2,go-olimpico,Estádio Olímpico Pedro Ludovico Teixeira,Goiânia,,
Pedro Ludovico,UNKNOWN,1,go-olimpico,Estádio Olímpico Pedro Ludovico Teixeira,Goiânia,,
Pedro Romualdo Cabral,Santa Helena de Goiás,12,go-pedro-romualdo,Estádio Pedro Romualdo Cabral,Santa Helena de Goiás,,
Estádio Pedro Romualdo Cabral,Santa Helena de Goiás,3,go-pedro-romualdo,Estádio Pedro Romualdo Cabral,Santa Helena de Goiás,,
Pedro Romualdo Cabral,UNKNOWN,1,go-pedro-romualdo,Estádio Pedro Romualdo Cabral,Santa Helena de Goiás,,
Pedro Romualdo Cabral,Rio Verde,1,go-pedro-romualdo,Estádio Pedro Romualdo Cabral,Santa Helena de Goiás,YES,"Cidade bruta ""Rio Verde"" difere da canônica ""Santa Helena de Goiás""."
Estádio Serra Dourada,Goiânia,647,go-serra-dourada,Estádio Serra Dourada,Goiânia,,
Serra Dourada,UNKNOWN,354,go-serra-dourada,Estádio Serra Dourada,Goiânia,,
Serra Dourada,Goiânia,331,go-serra-dourada,Estádio Serra Dourada,Goiânia,,
Estádio Hailé Pinheiro (Serrinha),Goiânia,231,go-serrinha,Estádio Hailé Pinheiro (Serrinha),Goiânia,,
Serrinha,Goiânia,50,go-serrinha,Estádio Hailé Pinheiro (Serrinha),Goiânia,,
Serrinha,UNKNOWN,3,go-serrinha,Estádio Hailé Pinheiro (Serrinha),Goiânia,,
Hailé Pinheiro,Goiânia,1,go-serrinha,Estádio Hailé Pinheiro (Serrinha),Goiânia,,
Estádio Valdeir José de Oliveira,Goianésia,13,go-valdeir,Estádio Valdeir José de Oliveira,Goianésia,,
Valdeir José de Oliveira,UNKNOWN,1,go-valdeir,Estádio Valdeir José de Oliveira,Goianésia,,
Estádio Zico Brandão,Inhumas,9,go-zico-brandao,Estádio Zico Brandão,Inhumas,,
Zico Brandão,UNKNOWN,5,go-zico-brandao,Estádio Zico Brandão,Inhumas,,
Zico Brandão,Inhumas,2,go-zico-brandao,Estádio Zico Brandão,Inhumas,,
Estádio Governador João Castelo (Castelão),São Luís,2,ma-castelao,Estádio Governador João Castelo (Castelão),São Luís,,
Estádio Castelão,São Luís,1,ma-castelao,Estádio Governador João Castelo (Castelão),São Luís,,
Nhozinho Santos,São Luís,1,ma-nhozinho,Estádio Nhozinho Santos,São Luís,,
Estádio Nhozinho Santos,São Luís,1,ma-nhozinho,Estádio Nhozinho Santos,São Luís,,
Arena Sicredi,São João del-Rei,1,mg-arena-sicredi,Arena Sicredi,São João del-Rei,,
Arena Sicredi,São João del Rei,1,mg-arena-sicredi,Arena Sicredi,São João del-Rei,YES,"Cidade bruta ""São João del Rei"" difere da canônica ""São João del-Rei""."
Estádio Raimundo Sampaio (Independência),Belo Horizonte,13,mg-independencia,Estádio Raimundo Sampaio (Independência),Belo Horizonte,,
Independência,UNKNOWN,3,mg-independencia,Estádio Raimundo Sampaio (Independência),Belo Horizonte,,
Independência,Belo Horizonte,1,mg-independencia,Estádio Raimundo Sampaio (Independência),Belo Horizonte,,
Estádio Municipal João Lamego Netto (Ipatingão),Ipatinga,2,mg-ipatingao,Ipatingão,Ipatinga,YES,Dois nomes oficiais diferentes para o Ipatingão. Conferir se é o mesmo estádio.
Estádio Municipal Epaminondas Mendes Brito (Ipatingão),Ipatinga,1,mg-ipatingao,Ipatingão,Ipatinga,YES,Dois nomes oficiais diferentes para o Ipatingão. Conferir se é o mesmo estádio.
Estádio Governador Magalhães Pinto (Mineirão),Belo Horizonte,29,mg-mineirao,Estádio Governador Magalhães Pinto (Mineirão),Belo Horizonte,,
Mineirão,UNKNOWN,10,mg-mineirao,Estádio Governador Magalhães Pinto (Mineirão),Belo Horizonte,,
Mineirão,Belo Horizonte,6,mg-mineirao,Estádio Governador Magalhães Pinto (Mineirão),Belo Horizonte,,
Luthero Lopes,Rondonópolis,1,mt-luthero,Estádio Engenheiro Luthero Lopes,Rondonópolis,,
Estádio Engenheiro Luthero Lopes,Rondonópolis,1,mt-luthero,Estádio Engenheiro Luthero Lopes,Rondonópolis,,
Estádio José Fragelli (Verdão),Cuiabá,2,mt-verdao,Estádio José Fragelli (Verdão),Cuiabá,,
José Fragelli,Cuiabá,1,mt-verdao,Estádio José Fragelli (Verdão),Cuiabá,,
Baenão,Belém,4,pa-baenao,Estádio Evandro Almeida (Baenão),Belém,,
Baenão,UNKNOWN,1,pa-baenao,Estádio Evandro Almeida (Baenão),Belém,,
Estádio Evandro Almeida (Baenão),Belém,1,pa-baenao,Estádio Evandro Almeida (Baenão),Belém,,
Estádio da Curuzu,Belém,4,pa-curuzu,Estádio da Curuzu,Belém,,
Curuzu,UNKNOWN,1,pa-curuzu,Estádio da Curuzu,Belém,,
Estádio Olímpico do Pará (Mangueirão),Belém,9,pa-mangueirao,Estádio Olímpico do Pará (Mangueirão),Belém,,
Mangueirão,UNKNOWN,4,pa-mangueirao,Estádio Olímpico do Pará (Mangueirão),Belém,,
Mangueirão,Belém,1,pa-mangueirao,Estádio Olímpico do Pará (Mangueirão),Belém,,
Almeidão,João Pessoa,3,pb-almeidao,Estádio José Américo de Almeida Filho (Almeidão),João Pessoa,,
Estádio José Américo de Almeida Filho (Almeidão),João Pessoa,1,pb-almeidao,Estádio José Américo de Almeida Filho (Almeidão),João Pessoa,,
Estádio Eládio de Barros Carvalho (Aflitos),Recife,7,pe-aflitos,Estádio Eládio de Barros Carvalho (Aflitos),Recife,,
Aflitos,UNKNOWN,1,pe-aflitos,Estádio Eládio de Barros Carvalho (Aflitos),Recife,,
Aflitos,Recife,1,pe-aflitos,Estádio Eládio de Barros Carvalho (Aflitos),Recife,,
Arruda,Recife,9,pe-arruda,Estádio José do Rego Maciel (Arruda),Recife,,
Estádio José do Rego Maciel (Arruda),Recife,3,pe-arruda,Estádio José do Rego Maciel (Arruda),Recife,,
Arruda,UNKNOWN,1,pe-arruda,Estádio José do Rego Maciel (Arruda),Recife,,
Estádio Adelmar da Costa Carvalho (Ilha do Retiro),Recife,8,pe-ilha,Estádio Adelmar da Costa Carvalho (Ilha do Retiro),Recife,,
Ilha do Retiro,UNKNOWN,4,pe-ilha,Estádio Adelmar da Costa Carvalho (Ilha do Retiro),Recife,,
Ilha do Retiro,Recife,2,pe-ilha,Estádio Adelmar da Costa Carvalho (Ilha do Retiro),Recife,,
Estádio Joaquim Américo Guimarães (Arena da Baixada),Curitiba,17,pr-baixada,Estádio Joaquim Américo Guimarães (Arena da Baixada),Curitiba,,
Baixada,Curitiba,1,pr-baixada,Estádio Joaquim Américo Guimarães (Arena da Baixada),Curitiba,,
Do Café,UNKNOWN,4,pr-cafe,Estádio Municipal Jacy Scaff (Estádio do Café),Londrina,,
Estádio Municipal Jacy Scaff (Estádio do Café),Londrina,3,pr-cafe,Estádio Municipal Jacy Scaff (Estádio do Café),Londrina,,
Estádio do Café,Londrina,2,pr-cafe,Estádio Municipal Jacy Scaff (Estádio do Café),Londrina,,
Estádio Major Antônio Couto Pereira,Curitiba,17,pr-couto,Estádio Major Antônio Couto Pereira,Curitiba,,
Couto Pereira,Curitiba,6,pr-couto,Estádio Major Antônio Couto Pereira,Curitiba,,
Couto Pereira,UNKNOWN,2,pr-couto,Estádio Major Antônio Couto Pereira,Curitiba,,
Estádio Pinheirão,Curitiba,6,pr-pinheirao,Estádio Pinheirão,Curitiba,,
Pinheirão,UNKNOWN,2,pr-pinheirao,Estádio Pinheirão,Curitiba,,
Pinheirão,Curitiba,1,pr-pinheirao,Estádio Pinheirão,Curitiba,,
Estádio Durival Britto e Silva (Vila Capanema),Curitiba,7,pr-vila-capanema,Estádio Durival Britto e Silva (Vila Capanema),Curitiba,,
Durival de Brito,UNKNOWN,2,pr-vila-capanema,Estádio Durival Britto e Silva (Vila Capanema),Curitiba,,
Caio Martins,UNKNOWN,3,rj-caio-martins,Estádio Caio Martins,Niterói,,
Caio Martins,Niterói,2,rj-caio-martins,Estádio Caio Martins,Niterói,,
Estádio Jornalista Mário Filho (Maracanã),Rio de Janeiro,39,rj-maracana,Estádio Jornalista Mário Filho (Maracanã),Rio de Janeiro,,
Maracanã,Rio de Janeiro,18,rj-maracana,Estádio Jornalista Mário Filho (Maracanã),Rio de Janeiro,,
Maracanã,UNKNOWN,1,rj-maracana,Estádio Jornalista Mário Filho (Maracanã),Rio de Janeiro,,
Estádio Olímpico Nilton Santos,Rio de Janeiro,8,rj-nilton-santos,Estádio Olímpico Nilton Santos (Engenhão),Rio de Janeiro,,
Engenhão,Rio de Janeiro,2,rj-nilton-santos,Estádio Olímpico Nilton Santos (Engenhão),Rio de Janeiro,,
Nilton Santos,Rio de Janeiro,1,rj-nilton-santos,Estádio Olímpico Nilton Santos (Engenhão),Rio de Janeiro,,
Estádio General Sylvio Raulino de Oliveira (Estádio da Cidadania),Volta Redonda,2,rj-raulino,Estádio General Sylvio Raulino de Oliveira,Volta Redonda,,
Estádio Raulino de Oliveira,Volta Redonda,1,rj-raulino,Estádio General Sylvio Raulino de Oliveira,Volta Redonda,,
Estádio Vasco da Gama (São Januário),Rio de Janeiro,16,rj-sao-januario,Estádio Vasco da Gama (São Januário),Rio de Janeiro,,
São Januário,Rio de Janeiro,5,rj-sao-januario,Estádio Vasco da Gama (São Januário),Rio de Janeiro,,
São Januário,UNKNOWN,3,rj-sao-januario,Estádio Vasco da Gama (São Januário),Rio de Janeiro,,
Estádio Maria Lamas Farache (Frasqueirão),Natal,3,rn-frasqueirao,Estádio Maria Lamas Farache (Frasqueirão),Natal,,
Frasqueirão,Natal,1,rn-frasqueirao,Estádio Maria Lamas Farache (Frasqueirão),Natal,,
Machadão,UNKNOWN,3,rn-machadao,Estádio Dr. João Cláudio Vasconcelos Machado (Machadão),Natal,,
Estádio Dr. João Cláudio Vasconcelos Machado (Machadão),Natal,3,rn-machadao,Estádio Dr. João Cláudio Vasconcelos Machado (Machadão),Natal,,
Machadão,Natal,1,rn-machadao,Estádio Dr. João Cláudio Vasconcelos Machado (Machadão),Natal,,
Estádio José Pinheiro Borda (Beira-Rio),Porto Alegre,17,rs-beira-rio,Estádio José Pinheiro Borda (Beira-Rio),Porto Alegre,,
Beira-Rio,Porto Alegre,11,rs-beira-rio,Estádio José Pinheiro Borda (Beira-Rio),Porto Alegre,,
Beira Rio,Porto Alegre,1,rs-beira-rio,Estádio José Pinheiro Borda (Beira-Rio),Porto Alegre,,
Estádio Alfredo Jaconi,Caxias do Sul,11,rs-jaconi,Estádio Alfredo Jaconi,Caxias do Sul,,
Alfredo Jaconi,UNKNOWN,2,rs-jaconi,Estádio Alfredo Jaconi,Caxias do Sul,,
Estádio Olímpico Monumental,Porto Alegre,16,rs-olimpico-monumental,Estádio Olímpico Monumental,Porto Alegre,,
Olímpico Monumental,Porto Alegre,4,rs-olimpico-monumental,Estádio Olímpico Monumental,Porto Alegre,,
Olímpico,Porto Alegre,1,rs-olimpico-monumental,Estádio Olímpico Monumental,Porto Alegre,YES,"Olímpico em Porto Alegre é o Olímpico Monumental (Grêmio), NÃO o de Goiânia."
Estádio Heriberto Hülse,Criciúma,11,sc-heriberto,Estádio Heriberto Hülse,Criciúma,,
Heriberto Hülse,UNKNOWN,6,sc-heriberto,Estádio Heriberto Hülse,Criciúma,,
Estádio Aderbal Ramos da Silva (Ressacada),Florianópolis,14,sc-ressacada,Estádio Aderbal Ramos da Silva (Ressacada),Florianópolis,,
Ressacada,UNKNOWN,1,sc-ressacada,Estádio Aderbal Ramos da Silva (Ressacada),Florianópolis,,
Estádio Orlando Scarpelli,Florianópolis,10,sc-scarpelli,Estádio Orlando Scarpelli,Florianópolis,,
Orlando Scarpelli,Florianópolis,1,sc-scarpelli,Estádio Orlando Scarpelli,Florianópolis,,
Allianz Parque,São Paulo,5,sp-allianz,Allianz Parque,São Paulo,,
Arena Corinthians,São Paulo,3,sp-arena-corinthians,Neo Química Arena,São Paulo,,
Neo Química Arena,São Paulo,3,sp-arena-corinthians,Neo Química Arena,São Paulo,,
Estádio Brinco de Ouro da Princesa,Campinas,11,sp-brinco,Estádio Brinco de Ouro da Princesa,Campinas,,
Brinco de Ouro,Campinas,9,sp-brinco,Estádio Brinco de Ouro da Princesa,Campinas,,
Brinco de Ouro,UNKNOWN,1,sp-brinco,Estádio Brinco de Ouro da Princesa,Campinas,,
Canindé,São Paulo,6,sp-caninde,Estádio Doutor Oswaldo Teixeira Duarte (Canindé),São Paulo,,
Estádio Doutor Oswaldo Teixeira Duarte (Canindé),São Paulo,5,sp-caninde,Estádio Doutor Oswaldo Teixeira Duarte (Canindé),São Paulo,,
Canindé,UNKNOWN,1,sp-caninde,Estádio Doutor Oswaldo Teixeira Duarte (Canindé),São Paulo,,
Martins Pereira,São José dos Campos,1,sp-martins-pereira,Estádio Martins Pereira,São José dos Campos,,
Estádio Martins Pereira,São José dos Campos,1,sp-martins-pereira,Estádio Martins Pereira,São José dos Campos,,
Estádio Moisés Lucarelli,Campinas,13,sp-moises-lucarelli,Estádio Moisés Lucarelli,Campinas,,
Moisés Lucarelli,Campinas,2,sp-moises-lucarelli,Estádio Moisés Lucarelli,Campinas,,
Estádio Cícero Pompeu de Toledo (Morumbi),São Paulo,21,sp-morumbi,Estádio Cícero Pompeu de Toledo (Morumbi),São Paulo,,
Morumbi,São Paulo,9,sp-morumbi,Estádio Cícero Pompeu de Toledo (Morumbi),São Paulo,,
Morumbi,UNKNOWN,2,sp-morumbi,Estádio Cícero Pompeu de Toledo (Morumbi),São Paulo,,
Estádio Nabi Abi Chedid,Bragança Paulista,7,sp-nabi,Estádio Nabi Abi Chedid,Bragança Paulista,,
Marcelo Stéfani,UNKNOWN,3,sp-nabi,Estádio Nabi Abi Chedid,Bragança Paulista,YES,Marcelo Stéfani é o nome antigo do Nabi Abi Chedid. Conferir.
Nabi Abi Chedid,UNKNOWN,1,sp-nabi,Estádio Nabi Abi Chedid,Bragança Paulista,,
Marcelo Stéfani,Bragança Paulista,1,sp-nabi,Estádio Nabi Abi Chedid,Bragança Paulista,YES,Marcelo Stéfani é o nome antigo do Nabi Abi Chedid. Conferir.
Estádio Novelli Júnior,Itu,2,sp-novelli,Estádio Municipal Doutor Novelli Júnior,Itu,,
Estádio Municipal Doutor Novelli Júnior,Itu,1,sp-novelli,Estádio Municipal Doutor Novelli Júnior,Itu,,
Estádio Municipal Paulo Machado de Carvalho (Pacaembu),São Paulo,14,sp-pacaembu,Estádio Municipal Paulo Machado de Carvalho (Pacaembu),São Paulo,,
Pacaembu,São Paulo,5,sp-pacaembu,Estádio Municipal Paulo Machado de Carvalho (Pacaembu),São Paulo,,
Pacaembu,UNKNOWN,1,sp-pacaembu,Estádio Municipal Paulo Machado de Carvalho (Pacaembu),São Paulo,,
Estádio Palestra Itália (Parque Antártica),São Paulo,9,sp-palestra,Estádio Palestra Itália (Parque Antártica),São Paulo,,
Parque Antárctica,UNKNOWN,8,sp-palestra,Estádio Palestra Itália (Parque Antártica),São Paulo,,
Parque Antárctica,São Paulo,1,sp-palestra,Estádio Palestra Itália (Parque Antártica),São Paulo,,
Parque Antártica,UNKNOWN,1,sp-palestra,Estádio Palestra Itália (Parque Antártica),São Paulo,,
Estádio Santa Cruz,Ribeirão Preto,4,sp-santa-cruz-rp,Estádio Santa Cruz,Ribeirão Preto,,
Santa Cruz,Ribeirão Preto,1,sp-santa-cruz-rp,Estádio Santa Cruz,Ribeirão Preto,,
Arena Nicnet (Santa Cruz),Ribeirão Preto,1,sp-santa-cruz-rp,Estádio Santa Cruz,Ribeirão Preto,YES,Arena Nicnet é naming rights do Estádio Santa Cruz.
Estádio Urbano Caldeira (Vila Belmiro),Santos,16,sp-vila-belmiro,Estádio Urbano Caldeira (Vila Belmiro),Santos,,
Vila Belmiro,UNKNOWN,8,sp-vila-belmiro,Estádio Urbano Caldeira (Vila Belmiro),Santos,,
,,38,,,,YES,venue_name VAZIO (nem UNKNOWN). Investigar essas linhas.
Castelão,UNKNOWN,2,,,,,Sem cidade; resolvido LINHA A LINHA pelo adversário em passaporte_esmeraldino_VENUE_ALIASES_por_linha.csv.
Estádio Paranaíba,Itumbiara,1,,,,YES,"NÃO confundir com ""Avenida Paranaíba"" (apelido do Olímpico de Goiânia). Conferir se é antecessor/alias do JK de Itumbiara."
